Good_with,aatrox,ahri,akali,akshan,alistar,amumu,anivia,annie,aphelios,ashe,aurelionsol,azir,bard,belveth,blitzcrank,brand,braum,caitlyn,camille,cassiopeia,chogath,corki,darius,diana,drmundo,draven,ekko,elise,evelynn,ezreal,fiddlesticks,fiora,fizz,galio,gangplank,garen,gnar,gragas,graves,gwen,hecarim,heimerdinger,illaoi,irelia,ivern,janna,jarvaniv,jax,jayce,jhin,jinx,ksante,kaisa,kalista,karma,karthus,kassadin,katarina,kayle,kayn,kennen,khazix,kindred,kled,kogmaw,leblanc,leesin,leona,lillia,lissandra,lucian,lulu,lux,malphite,malzahar,maokai,masteryi,milio,missfortune,monkeyking,mordekaiser,morgana,nami,nasus,nautilus,neeko,nidalee,nilah,nocturne,nunu,olaf,orianna,ornn,pantheon,poppy,pyke,qiyana,quinn,rakan,rammus,reksai,rell,renata,renekton,rengar,riven,rumble,ryze,samira,sejuani,senna,seraphine,sett,shaco,shen,shyvana,singed,sion,sivir,skarner,sona,soraka,swain,sylas,syndra,tahmkench,taliyah,talon,taric,teemo,thresh,tristana,trundle,tryndamere,twistedfate,twitch,udyr,urgot,varus,vayne,veigar,velkoz,vex,vi,viego,viktor,vladimir,volibear,warwick,xayah,xerath,xinzhao,yasuo,yone,yorick,yuumi,zac,zed,zeri,ziggs,zilean,zoe,zyra
aatrox,,,,,,6.2,,,,,,,,,,,,,,6.0,,,,,,,,,6.9,,5.5,,,,,,,,,,,,,,,,,,,,,,,,,6.3,,,,,,,,,,,,,,,,,,,,,,,,,,,,,,,,,,,,,,,,,,,,,,,,,,,,,,,,,,,,,,,,,,,,,,,,,,,,,,,,,,,,,,,,,,,,,,,,,,,,,,,,,,,
ahri,,,,,,,,,,,,,,,,,,,,,,,,,,,,,,,,,,,,,,,,,,,,,,,,,,,,,,,,7.5,,,,,,,,,,,,3.8,,,,,,,,5.5,,,,,,,,,,,,,,,,,,,,,,4.0,,,,,,,,,,,,,,,,,,,,,,3.5,,,,,,,,,,,,,,,,,,,,,,,,,,,,,,,,,,,,,,,,,,,
akali,,,,,,9.6,,,,,,,,,,,,,,,,,,,,,,5.9,,,,,,,,,,,,,,,,,,,,,,,,,,,,,,,,,,,,,,,,,,,,,,,,,,,,,5.9,,,,,,,,,,,,,,5.8,,,,,,,,,,,,,,,,,,,,,,,,5.2,,,,,,,,,,,,,,,,,,,,,,,,,,,,,,,,,,,,,,,,,,,,
akshan,,,,,,,,,,,,,,,,,,,,,,,,,,,,,,,,,,,,,,,,,,,,,,,,,,,,,,,,5.6,,,,,,,,,,,,,,,,,,,,,,,,,,,,,,,,5.0,,,,,,,,,,5.4,,,,,,,,,,,,,,,,,,,,,,,,,,,,,,,,,,,,,,,,,,,,,,,,,8.6,,,,,,,,,,,,,,,,
alistar,,,,,,,,,,,,,,,,,,,,,,,,,,,,,,,,,,,,,,,,,,,,,,,,,,,,,,,,,,,,,5.0,,,,,,,,,,,,,,,,,,,,,,,,,,,,,,6.7,,,,4.8,,,,,,,,,,,,,,,5.3,,,,,,,,,,,,,,,,,,,,,,,,,,,,,,5.7,,,,,,,,,,,,,,,,,,,,,,,
amumu,,,,,,,,,,,7.1,,,,,,,,,,,,,,,,,,,,,,,,,,,,,,,,,,,6.3,,,,,,,,,,6.8,,,,,,,,7.5,,,,,,,,,,,,,,,,,,,,,,,,,,,,,,,,,,,,,,,,,,,,,,,,,,,,,,,,,6.5,,,,,,,,,,,,,,,,,,,,,,,,,,,,,,,,,,,,,,,,,,
anivia,,,,,,,,,,,,,,,,,,,,,,,,,,5.5,,,,,,,,,,,,,,,,,,,,,,,,,,,,,,,,,,,,,,,,,,,,,,,,,,,,,,,,,,,,,,,5.6,,,,,,,,,,,,,,,6.4,,5.7,,,,,,,,,,,,5.9,,,,,,,,,,,,,,,,,,,,,,,,,,,,,,,,,,,,,,,,,,,,,
annie,,,,,,5.0,,,,,,,,,,,,,,,,,,,,,,,,,,,,,,,,,,,,,,,,6.7,,,,,,,,,,,,,,,,,,,,,,,,,,,,,,,,,,,,,,,,,,,7.0,,,,,,,,,,,,,5.0,,,,,,,,,,,,,,,,,,,,,,,,,,,5.3,,,,,,,,,,,,,,,,,,,,,,,,,,,,,,,,,,
aphelios,,,,,,,,,,,,,,,,,,,,,,,,,,,,,,,,,,,,,,,,,,,,,,6.4,,,,,,,,,,,,,,,,,,,,,,,,,,,,,,,,,,,,,,,,,,,,,5.2,,,,,,,,,,,,,,,,,,,,,,,,,,,,,4.1,,,,,,,4.0,,,,,,,,,,,,,,,,,,,,,,5.2,,,,,,,,,,,,,,
ashe,,,,,,,,,,,,,,,,6.9,,,,,,,,,5.9,,,,,,,,,,,,,,,,,,,,,6.8,,,,,,,,,,,,,,,,,,,,,,,,,,,,,,,,,,,,,,,,,,,,,5.8,,,,,,,,,,,,,,,,,,,,,,,,,,,,,,8.8,,,,,,,,,,,,,,,,,,,,,,,,,,,,,,,,,,,,,,,,,,
aurelionsol,,,,,,5.7,,,,,,,,,,,,,,,,,,,,,,,,,,,,,,,,,,,,,,,,3.9,,,,,,,,,,,,,,,,,,3.8,,,,,,,,,,,,,,,,,,,,,,,,,,,,,,,,,,,,5.5,,,,,,,,,,,,,,,,,,,,,,,,,,,,,,,,,,,,,,,,,,,,,,,,,,,,,,,,,,,,,,,
azir,,,,,,,,,,,,,,,,,,,,,,,,,,,,,,,,,,,,,,,,,,,,,,,,,,,,,,,,,,,,,,5.3,,,,,,,,,,,,5.4,,9.5,,,,,,,,,,,,,,,,,,,,,,,5.2,,,,,,,,,,,,,,,,,,,,,,,6.3,,,,,,,,,,,,,,,,,,,,,,,,,,,,,,,,,,,,,,,,,
bard,,,,,,,,,,,,,,,,,,,,,,,,,,,,,,,,7.1,,,,,,,,,,,,,,,,,,,,,,,,,,,,,,,,,,,,,,,,,,,,,,,,,,,,,,,,,,,,,,5.6,,,6.4,,,,,,,,,,,,,,,,5.6,,,,,,,,,,,,,,,,,,,,,,,,,,,,,,,,,,,,,,,,,,,,,,,,,,
belveth,,,,,,,,,,,,,,,,,,,,,,,,5.2,,,,,,,,,,,,,,,,,,,,,,,,,,,,,,,,,,,,,,,,,,,,,,,,,,,,,,,,,,,,,,5.3,,,,,,,,6.2,,,,,,,,,,,,,,,,,,,,,6.9,,,,,,,,,,,,,,,,,,,,,,,,,,,,,,,,,,,,,,,,,,,,,,,6.9,
blitzcrank,,,,,,,4.8,5.1,,,,,,,,,,,,,,,,,,,,,4.5,,,,,,,,,,,,,,,,,,,,,,,,,,,8.4,,,,,,,,,,,,,,,,,,,,,,,,,,,,,,,,5.6,,,,,,,,,,,,,,,,,,,,,,,,,,,,,,,,,,,,,,,,,,,,,,,,,,,,,,,,,,,,,,,,,,,,,,,,,,,
brand,,,,,,,,7.5,,6.4,,,,,,,,,5.4,,,,,,,,,,,,,,,,,,,,,,,,,,,,5.5,,,,,,,,,,,,,,,,,,,,,,,,,,,,,,,,,,,,,,,,,,,,,,,5.9,,,,,,,,,,,,,,,,,,,,,,,,,,,,,,,,,,,,,,,,,,,,,,,,,,,,,,,,,,,,,,,,,,,,,
braum,,,,,,,,,,,,,,,,,,,,,,,,,,,,,,,,,,,,,,,,,,,,,,,,,,,,,,,,,,,,,,,,,4.9,,,,,,,,,,,5.0,,,,,,,,,,,,,,,4.5,,,,6.2,,,,,,,,,,,,,,,,,,,,,,,,,,,,,,,,,,,,,,,,,7.5,,,,,,,,,,,,,,,,,,,,,,,,,,,
caitlyn,,,,,,,,,,,,,,,,,,,,,,,,,,,,,,,,,,,,,,,,,,,,,,,,,,,,,,,,,,,,,,,,,,,,,,,,,,,,,,,,,,,,,,,,,,,,,,,,,,,,5.6,,,,,,,,,,,,,,,5.4,,,,,,,,,,,,6.3,,,,,,5.8,,,,,,,,,,,,,,,,,,5.0,,,,,,,,,,,,
camille,,,,,,,5.2,,,,,,,,,,,,,,,,,,,,,,6.0,,,,,,,,,,,,,,,,,,,,,,,,,,,,,,,,,,,,,,,,,,,,,,5.4,,,,,,,,,,,,,,,,,,,,,,,,,,,,,,,,,,,,,,,,,,,,,,,,,,,,,,,,,,,,,,,,,,,8.1,,,,,,,,,,,,,,,,,,,7.7,,
cassiopeia,,,,,,,,,,,,,,,,,,,,,,,,,4.9,,,,,,,,,,,,,,,,,,,5.0,,,,,,,,,,,,,,,,,,,,,,,,,,,,,,,,,,,,,,,,,,,,,,,8.0,,,,,,,,,,,,,,,,,,,,,,,,,,,,,,,,,,,,,,,,,,,,,,,,,,,,,,,,,,,,5.3,,,,,,,,,,5.5,,
chogath,,,,,,,,,,,,,,,,,,,,,,,,,,,4.4,,,,,,3.8,,,,,,,,,,,,,,,,,,,,,,,,,,,,,,,,,,,,,,,,,,,,,,,,,,,,,,,,,,,,,,,,4.6,,5.4,,,,,,,,,,,,,,,,,,,,,,,,,,,,,5.9,,,,,,,,,,,,,,,,,,,,,,,,,,,,,,,,,,,
corki,,,,,,,,,,,,,,,,,,,,,,,,,,,,,,,,,,,,,,,,,,,,,,,,,4.0,,,,,,,,,,,,,,,,4.5,,,,,,,,,4.6,,,,,,,,,,,,,,,,,,,,,,,,,,,,,,,,,,,,,,,,,,,,,,,,,,,,,,,,,,,,,,,,,,,,,,,,,,,,4.7,,,,,,3.7,,,,,,,
darius,,,,,,,7.3,,,,,,,,,,,,,,,,,,,,,,,,,,,,,,,,,,,,,,,7.2,,,,,,,,,,,,,,,,,,,,,,,,,,,,,,6.3,,,,,,,,,,,,,,,,,,,,,,,,,,,,,,,,,,,,,,,,,,,,,,,,,,,7.8,,,,,,,,,,,,,,,,9.0,,,,,,,,,,,,,,,,,,,,
diana,,,,,,8.5,,,,,,,,,,,,,,,5.6,,,,,,,,,,,,,,,,,,,,,,,,,,6.8,,,,,,,,,,,,,,,,,,,,,,,,,,,,,,,,,,,,,,,,,8.3,,,,,,,,,,,,,,,,,,,,,,,,,,,,,,,,,,,,,,,,,,,,,,,,,,,,,,,,,,,,,6.9,,,,,,,,,,,,,,
drmundo,,,,,,,6.9,,,,,,,,,,,,,6.5,,,,,,,,5.1,,,6.1,,,,,,,,,,,,,,,,,,,,,,,,,,,,,,,,,,,,,,,,,,,,,,,,,,,,,,,,,,,,,,,,,,,,,,,,,,,,,,,,,,,,,,,,,,,,,,,,,,,,,,,,,,,,,,,,,,,,,,,,,,,,,,5.8,,,,,,
draven,,,,,,,8.8,6.0,,,,,,,,,,,,,,,,,,,,,,,,,,,,,,,,,,,,,,,,,,,,,,,,6.6,,,,,,,,,,,,,,,,,,,,,,,,,,,,,,7.3,,,,,,,,,,,,,,,,,,,,,,,,,,,,,,,7.1,,,,,,,,,,,,,,,,,,,,,,,,,,,,,,,,,,,,,,,,,,,,,,
ekko,,,,,,,,,,,,,,,,,,,,,,,,,,,,,,,,,,,,,,,,,,,,,,,,,,,,,,,,,5.9,,,,,,,,,,,,,,,,,,,,,,,,,,,,,,,6.2,,,,,,,,,,,,,,,,,,,,,,,,,,,,,,,,,,,,,,,,,,,,,,,,,,8.5,,,,,,7.0,,,,,,,,,,,,,,,,,,6.6,
elise,,,,,,,,,,,,,,,,,,,,,,,,,4.8,,,,,,,,,,,,,,,,,,,,,,,,4.7,,,,,,,,,,,,,,,,,,,,,,,,,,,,,,,,,,,,,,,,,,4.6,,,,,,,,,,,,,,,,,,,,,,,,,,,,,,,,,,,,,5.6,,,,,,,,,,,,,,,7.6,,,,,,,,,,,,,,,,,,,,
evelynn,,,,,,,,,,,,,,,,,,,,,,,,,,,,,,,,,,6.5,,,,,,,,,,,,6.8,,,,,,,,,,,,,,,,,,5.5,,,,,,,,,,,,,,,,,,,,,,,,,,,,,,,,,6.8,,,,,,,,,,,,,,,,5.0,,,,,,,,,,,,,,,,,,,,,,,,,,,,,,,,,,,,,,,,,,,,,,,,,,
ezreal,,,,,,,,,,,,,,,,,,,,,,,,,,,,,,,,,,,,,,,,,,5.7,,,,6.0,,,,,,,,,,,,,,,,,,,,,,,,,,,,,,,,,,,,,,,,,,,,,,,,,,,,5.1,,,,,,,,,,,,,,,,,,,,,,,,,,,,,,,,,,,,,,,,,,,,,,,,,,,,,,4.8,,,,,,,,,,,
fiddlesticks,,,,,,,,,,,,,,,,,,,,,,,,,,,,,,,,,,,,,,,,,,,,,,6.1,,,,,,,,,,,,,,,,,,,,,,,,,,,,,,,,,,,,,,,,,,,,,,,,,,,7.4,,,,,,,,,,,,,,,,,,,,,,,,,,,,,,,5.5,,,,,,,,,,6.5,,,,,,,,,,,,,,,,,,,,,,,6.7,,
fiora,,,,,,,5.9,,,,,,6.4,,,,,,,,,,,,,,,,,,6.4,,,,,,,,,,,,,,,,,,,,,,,,,8.5,,,,,,,,,,,,,,,,,,,,,,,,,,,,,,,,,,,,,,,,,,,,,,,,,,,,,,,,,,,,,,,,,,,,,,,,,,,,,,,,,,,,,,,,,,,,,,,,,,,,,,,,,,6.8,
fizz,,,,,,,,,,,,,,,,,,,,,,,,,,,,,,,,,,,,,,,,5.6,,,,,,5.8,,,,,,,,,,,,,,,,,,,,,,,,,,,,,,,,,,,,,,,,,,,,,,,,,,,,,,,,,,,,,,,,,,,,,,,,,,,5.4,,,,,,,,,,,,,,,,,,,,,,,,,,,5.2,8.6,,,,,,,,,,,,,,
galio,,,,,,,,,,,,,,,,,,,,,,,,,,,,,5.4,,,,,,,,,,,,,,,,,7.4,,,,,,,,,,,,,5.8,,,,5.5,,,,,,,,,,,,,,,,,,,,,,,,,,,,,,,,,,,,,,,,,,,,,,,,,,,,,,,,,,,,,,,,,,,,,,,,,8.4,,,,,,,,,,,,,,,,,,,,,,,,,,,
gangplank,,,,,,,,,,,,,,,,,,,,,,,,,,,,,5.6,,,,,,,,,,,,,,,,,,,,,,,,,,,,5.3,,,,,,,,,,,,,,,,,,,,,,,,,,,,,,,,,,,,,,,,,,,6.3,,,,,,,,,,,,,,,,,,,,,,,,,,,,5.4,,,,,,,,,,,,,,,5.4,,,,,,,,,,,,,,,,,,,,
garen,,,,,,,,,,,,,,,,,,,,,,,,,,,,,,,,,,,,,,,,,,,,,,5.7,,,,,,,,,,7.0,,,,,,,,,,,,,,,,,,,,,,,,,,,,,,,,,,,,,,,,,,,,7.9,,,,,,,,,,,,,,,,,,,,,,,,,,,,,5.9,,,,,,,,,,,,,6.0,,,,,,,,,,,,,,,,,,,,,
gnar,,,,,,,,,,6.2,,,,,,,,,,,,,,,,,,,,,,,,,,,,,,,,,,,,7.7,,,,,,,,,,,,,,,,,,,,,,,,,,,,,,6.5,,,,,,,,,,,,,,,,,,,,,,,,,,,,,,,,,,,,,,,,,,,,,,,,,,,,,,,,,,,,,,,,,,,8.9,,,,,,,,,,,,,,,,,,6.0,,
gragas,,,,,,,,,,,,,,,,,,,,,,,,,,,,,,,,,,,,5.5,,,,,,,,,,4.9,,,,,,,,,,,,,,,,,,,,,,,,,,,,,,,,,,,,,,,,,,8.1,,,,,,,5.9,,,7.3,,,,,,,,,,,,,,,,,,,,,,,,,,,,,,,,,,,,,,,,,,,,,,,,,,,,,,,,,,,,,,,,,
graves,,,,,,,6.0,,,,,,,,,,,,,,,,,,,,,,,,,,,,,,,,,,,,,,,5.9,,,,,,,,,,11.6,,,,,,,,,,,,,,,,,,,,,,,,,,,,,,,,,,,,,,,,,,,,,,,,,,,5.1,,,,,,,,,,,,,,,,,,,,,,,,,,,,,,,,,,,,,,,,6.2,,,,,,,,,,,,,,,,
gwen,,,,,,,,6.2,,,,,,,,,,,,,,,,,,,,,,,,,8.6,,,,,,,,,,,,,,,,,,,,,,,,,,,,,,,,,,,,,,,,,,,6.9,,,,,,,,,,,,,,,,,,,,,,,,,,,,,,,,,,,,,,,,,,,,,6.1,,,,,,,,,,,,,,,,,,,,,,,,,,,,6.6,,,,,,,,,,,,,,
hecarim,,,,,,,,,,,,,,,,,,,,,,,,,,,,,,,,,,,,,,,,,,,,,,5.6,,,,,,,,,,,,,,,,,,5.9,,,,,,,,,,,,,,,,,,,,,,,,,,,,,,,,,,,,,,,,,,,,,,,,,,,,,,,,,6.2,,,,,,,,,,,,5.1,,,,,,,,,,,,,,,,5.9,,,,,,,,,,,,,,
heimerdinger,,,,,,,,,,,,,,,,,,,,,,,,,,,,,,,,,,,,,,,,,,,,,,,,,,5.6,,,,,,,,,,,,,,,,,,,,,,,,,,,,,,,,,,,4.9,,,,,,,,,,,,,,,,,,,,,,,,,,,,,,,,,,,,,,,7.4,,,,,,,,,,,,,,,,,,,,5.6,,,,,,,,,,,,6.0,,,,,,,
illaoi,,,,,,5.9,,,,,,,,,,,,,,,,,,,,,,,,,,,,,,,,,,,,,,,,,,,,,,,,,,,,,,,,,,,,,,,,,,,,,,,,,,,,,,,,,,5.5,4.4,,,,,,,,,,,,,,,,,,,,,,,,,,,,,,,,,,,,,,,,7.0,,,,,,,,,,,,,,,,,,,,,,,,,,,,,,,,,4.7,
irelia,,,,,,,,,,,,,,,,,,,,8.2,,,,,,,,,,,6.0,,,,,,,,,,,,,,,5.5,,,,,,,,,,12.4,,,,,,,,,,,,,,,,,,,,,,,,,,,,,,,,,,,,,,,,,,,,5.6,,,,,,,,,,,,,,,,,,,,,,,,,,,,,,,,,,,,,,,,,,,,,,,,,,,,,,,,,,,,,,,
ivern,,,,,,,,,,,,,,,,,,,,,,,,,,,,,,,,,,,,,,,,,,,,,,,,,,4.0,2.5,,,,,,,,,,,,,,,,,,,,,,,,,,,,,,,,,,2.6,,,,,,,,,,,,,,,,,,,,,,,,,,,,,,,,,,,,,,,,,,,,,,4.2,,,,,,,,,2.5,,,,,,,,,,,,,,,,,,,,,,,
janna,,,,,,,,,,,,,,,,,,,,,,,,,,,,,,,,,,,,,,,,,,,,,,,,,,,,,,,,6.7,6.3,,,,,,,,,,,,,,,,,,,,,,,,,,,,,6.3,,,,,,,,,,,,,,,,,,,,,,,,,,,,,,,,,,,,,,,,,,,,,,,,,,,,,,,,,,,,,,,6.5,,6.8,,,,,,,,,,,,
jarvaniv,,,,,,,,,,,,,,,,,,,,,,,,4.6,,,,,,,,,5.1,5.3,,,,,,,,,,,,5.9,,,,,,,,,,,,,,,,,,,,,,,,,,,,,,,,,,,,,,,,,,,,,,,,,,,,,,,,,,,,,,,,,,,,,,,,,,,,,,,,,,,,,,,,,,,,,,,,,,,,,,,,,5.9,,,,,,,,,,,,
jax,,,,,,,,,,,,,,,,,,,,,,,,,,,,,,,,,,5.3,,,,,,,,,,,,,,,,,,,,,,11.5,,,,,,,,,4.5,,,,,,,,,,,4.9,,,,,,,,,,,,,,,,,,,,,,,,,,,,,,,,,,,,,,,,,,,,,,,,,,,5.7,,,,,,,,,,,,,,,,,,,,,,,,,,,,,,,,,,,,
jayce,,,,,,,,,,,,,,,,,,,,,,,,6.0,,,,,,,,,,5.7,,,,,,,,,,,,,,,,,,,,,,6.4,6.0,,,,,,,,,,,,,,,,,,,,,,,,,,,,,,,,,,,,,,,,,,,5.8,,,,,,,,,,,,,,,,,,,,,,,,,,,,,,,,,,,,,,,,,,,,,,,,,,,,,,,,,,,,,,,
jhin,,,,,,,,,,,,,,,,,,,,3.9,,,,,,,,,,,,,,,,,,,,,,8.1,,,,3.7,,,,,,,,,,,,,,,,,,,,,,,,,,,,,,,,,,,,,,,,,,,,,,,,,,,,3.8,,,,,,,,,,,,,,,,,,,,,,,,,,,,,,,,,,,,,,,,,,,,,,,,,,3.5,,,,,,,,,,,,,,,
jinx,,,,,,,,,,,,,,,,,3.7,,,,,,,,,,,,,,3.5,,,,,,,,,,,,,,,3.8,,,,,,,,,,,,,,,,,,,,,,,,,,,,,,,,,,,,,,,,,,,,,,,,,,,,,,,,,,,,,,,,,,,,,,,,,,,,,,,,,4.1,,,,,,,,,,,,,,,,,,,,,,3.4,,,,,,,,,,,,,,
ksante,,,,,,,,,,,,,,,,,,,,,,,,,,,,,,,,,,,,,,,,,,,,,,5.6,,,,,,,,,,4.3,,,,,,,,,,,,,,,,,,,,,,,,,,,,,,4.6,,,,,,,,,,,,,,,,,,,,,,,,,,,,,,,,,,,,,5.1,,,,,,,,,,,,,5.3,,,,,,,,,,,,,,,,,,,,,,,,,,,
kaisa,,,,,,5.3,6.8,,,,,,,,3.7,,,,,,,,,,,,,,,,,,,,,,,,,,,,,,,5.1,,,,,,,,,,,,,,,,,,,,,,,,,,,,,,4.4,,,,,,,,,,,,,,,,,,,,,,,,,,,,,,,,,,,,,,,,,,,,,,,,,,,,,,,,,,,,,,,,,,,,,,,,,,,,,,,,,,,,,,,
kalista,,,,,,,,,,,,,,,,,,,,,,,,,,,,,6.6,,,,5.5,,,,,,,,,,,,,,,,,,,,,,,,,,,,,,,,,,,,,,,,6.6,,,,,,,,,,,,,,,,,,,,,,,,,,,,,,,,,,,,,,,,5.4,,,,,,,,,,,,,,,,,5.9,,,,,,,,,,,,,,,,,,,,,,,,,,,,,,,,,
karma,,,,,,,,,,,,,,,,,,,,,,,,,,,,,,,,,,,,,,,,,,,,,,,,,,,,,,,,5.5,,,,,,,,,,,,,,,,,,,,,,,,,,,,,,,,,,,,,,,4.7,,,,,,,,,,,,,,,,,,,,,,,,,,,,,,,,4.2,,,,,,,,,,,,,,,,,,,,,,8.0,,4.2,,,,,,,,,,,,
karthus,,,,,,5.3,,,,,,,,,,,,,,,,,,,,,,,,,,,,,,,,,10.5,,,,,,,,,,8.8,,,,,,,,,,,,,6.0,,,,,,,,,,,,,,,,,,,,,,,,,,,,,,,,,,,,,,,,,,,7.2,,,,,,,,,,,,,,,,,,,,,,,,,,,,,,,,,,,,,,,,,,,,,,,,,,,,,,,,,,
kassadin,,,,,,,,,,,,,,,,,,,,,,,,,,,,,,,,,,,,,,,,,,,,,,9.4,,,,,,,,,,,,,,,,,,,,,,,,,,,,,,,,,,,,,,,,,,,,,,,,5.7,,,,,6.0,,,,,,,5.5,,,,,,,,,,,,,,,,,,,,,,,,,,,,,,,,,,,,,,,,,,,,,6.0,,,,,,,,,,,,
katarina,,,,,,,,,,,,,,,,,,,,,,,,,,,,,,,,,,,,,,,,,,,,,,5.4,,,,,,,,,,,,,,,,,,,,,,,,,,,,,,4.5,,,,,,,,,,,,,,5.3,,,,,5.8,,,,,,,,,,,,,,,,,,,,,,5.3,,,,,,,,,,,,,,,,,,,,,,,,,,,,,,,,,,,,,,,,,,,,,,
kayle,,,,,,,,,,,,,,,,,,,,,,,,,,,,5.3,,,,,,8.4,,,,,,,,,,,,,,,,,,,,,,,,,,,,,,,,,,,,,,,,,,5.7,,,,,,,,,,,,7.0,,,,,,,,,,,,,5.7,,,,,,,,,,,,,,,,,,,,,,,,,,,,,,,,,,,,,,,,,,,,,,,,,,,,,,,,,,,,,,
kayn,,,,,,,5.3,,,,,,,,,,,,,,,,,,,,,,,,,,,,,,,,,,,,,,,,,,,,,,,,,6.3,,,,,,,,5.5,,,,,,,,,,,,,,,,,,,,,,,,,,,,,,,,,,,,,,,,,,,,,,,,,,,,,5.2,,,,,,,,,,,,,,,,,,,,,,,,,,,,,,,,,,5.3,,,,,,,,,,,,
kennen,,,,,6.5,,,,,,,,,,,,6.2,,,,,,,,,,,,,,,,,,,,,,,,,,,,,6.4,,,,,,,,,,,,,,,,,,,,,,,,,,,,,,,,,,,,,,,,,,,,,,,,,,,,,,,,,,,,,,,,,,,,,,,,,,,5.4,,,,,,,5.4,,,,,,,,,,,,,,,,,,,,,,,,,,,,,,,,,,,
khazix,,,,,,,4.6,4.6,,,,,,,,,,,,,,,,,,,,,,,,,,,,,,,,,,,,,,,,,,,,,,,,5.5,,,,,,,,,4.2,,,,,,,,,,,,,,,,,,,,,,,,,,,,,,,,,,,,,,,,,,,,,,,,,,,,,,,,,,,,,,5.1,,,,,,,,,,,,,,,,,,,,,,,,,,,,,,,,,,,,
kindred,,,,,,5.5,,,,,,,,,,,4.6,,,,4.3,,,,,,,,,,,,,8.8,,,,,,,,,,,,,,,,,,,,,,,,,,,,,,,,,,,,,,,,,,,,,,,,,,,,,,,,,,,,,,,,,,,,,,,,,,,,,,,,,,,,,,,,,,,,,8.1,,,,,,,,,,,,,,,,,,,,,,,,,,,,,,,,,,,,
kled,,,,,,7.3,,,,,,,,,,,,,,,,,,,,,,,,,,,,,,,,,,,,,,,,,,,,,,,,,,,,,,,,,,,,,,5.6,,,,,9.2,,,,,,,,,,,,,,,,,,,,,,,,,,,,,,,,,,,,,,,,,,,,,,,,5.2,,,,7.9,,,,,,,,,,,,,,,,,,,,,,,,,,,,,,,,,,,,,,
kogmaw,,,,,,3.9,,,,,,,,,,,,,,,,,,,,,,,,,,,,,,,,,,,,,,,,3.6,,,,,,,,,,,,,,,,,,,,,,,,,,,,,,,,,,,,,,,,,,,,,,,,,,,,,,,,,,,,,,,,,,,,,,,,,,4.7,4.0,,,,,,,,,,,,,,,,,,,,,,,,,,,,6.1,,,,,,,,,,,,,,
leblanc,,,,,,,,,,,,,,,,,,,,,,,,,,,,5.3,,,,,,,,,,,,,,,,,,,,,,,,,,,,,,,,,,,,,,,,,5.6,,,,,,,,,,,,,,,,,,,10.2,,,,,,5.2,5.7,,,,,,,,,,,,,,,,,,,,,,,,,,,,,,,,,,,,,,,,,,,,,,,,,,,,,,,,,,,,,,,,,,,,
leesin,,,,,,,,3.3,,,,,,,,,,,,,,,,3.9,,,,,,,,,,3.7,,,,,,,,,,,,4.9,,,,,,,,,,,,,,,,,,,3.7,,,,,,,,,,,,,,,,,,,,,,,,,,,,,,,,,,,,,,,,,,,,,,,,,,,,,,,,,,,,,,,,,,,,,,,,,,,,,,,,,,,,,,,,,,,,,,,,,,
leona,,5.0,,,,,,,,,,,,,,,,,,,,,,,,,,,,,,,,,,,,,,,,,,,,,,,,,,,,,,,,,,,,,,7.6,,,,,,,,,,,,,,,,,,,,,,,5.0,,,,,,,,,,,,,,,,,,,,,,,,,,,,,,,,,,,,,,,,,,,,,,,,,,,,,,,,,,,4.5,,,,,,,,4.5,,,,,,,,,
lillia,,,,,,,,,,,,,,,,,,,,,,,,,,,,,,,,,5.0,,,,,,,,,,,,,7.5,,,,,,,,,,,,,,,,,,,,,,,,,,,,,,,,,,,,,,,,,,,,,5.0,,,6.1,,,,,,,,,,,,,,,,,,,,,,,,,,,,,,,,,,5.1,,,,,,,,,,,,,,,,,,,,,,,,,,,,,,,,,,,
lissandra,,,,,,,,,,,,,,,,,,,,,,,,,4.5,,,,,,,,,,,,,,,,,,,,,4.6,,,,,,,,,,,,,,,,,,,4.4,,,,,,,,,,,,,,,,,,,,,,,,,,,,,,,,,4.5,,,,,,,,,,,,,,5.8,,,,,,,,,,,,,,,,,,,,,,,,,,,,,,,,,,,,,,,,,,,,,,,,,,,
lucian,,,,,,5.2,,,,,,,,,,,,,,,,,,5.4,,,,,,,,,,,,,,,,,,,,,,,,,,,,,,,,,,,,,,,,,,,,,,,,,,,,,,,,,,,,,,,,,,,,,,,,,,,,5.7,,,,,,,,,,,,,,,,,,,,,5.4,,,,,,,,,,,,,,,,,,,,,,,,,,,,,,,,,,,7.7,,,,,,,
lulu,,,,,,,,,,,,,,,,,,,,,,,,,,,,,,,,,,3.6,,,,,,,,,,,,,3.8,,,,,,,,,,,,,,,,,,3.6,,,,,,,,,,,,,,,,,,,,,,,,,,,,,,,,,,,,,,,,,,,,,,,,,,,,,,,,,,,,,,4.9,,,,,,,,,,,,,,,,,,,,,,4.8,,,,,,,,,,,,,,
lux,,,,,,5.5,,,,,,,,,,,,,,,,,,,,,,,,,,,,,,,,,,,,,,,,6.9,,,,,,,,,,,,,,,,,,5.9,,,,,,,,,,,,5.0,,,,,,,,,,,,,,,,,,,5.2,,,,,,,,,,,,,,,,,,,,,,,,,,,,,,,,,,,,,,,,,,,,,,,,,,,,,,,,,,,,,,,,,,,,
malphite,,,,,,,,,,,,,,,,,,,,,,,,,,,,,,,,,,,,,,,,,,,,,,5.8,,,,,,,,,,,,,,,,,,,,,,,,,,,,,,,,,,,,,,,,,,,,,,,,,,,,,,,,,,,,,,,,,,,,,,,,,,,5.9,,,,,,,,6.5,,,,6.7,,,,,,,,,,,,,,,,5.9,,,,,,,,,,,,,,
malzahar,,,,,,,,,,,,,,,,,,,5.3,,,,,,,,,,,,,,,,,,,,,,,,,,,,5.2,,,,,,,,,,,,,,,,,,,,,,,,,,,,,,,,,,,,,,,,,,,,,,,,,,,7.7,,,,,,,,,,,,,,,7.1,,,,,,,,,,,,,,,,,,,,,,,,,,,,,,,,,,,,6.1,,,,,,,,,,,,,,
maokai,,,,,,,,,,,,,,,,,,,,,,,,,,,,,,,,,,,,,,,,,,,,,,,,,,,,,,,,,,,,,,,,,,,,,,,,,,,,,,,,,,,,,,5.6,,6.1,6.8,,,,,,,,,,,,,,,,,,,,,,,5.4,,,,,,,,,,,,,,,,,,,,,,,,,,10.5,,,,,,,,,,,,,,,,,,,,,,,,,
masteryi,,,,,,5.9,,,,,,,,,,,,,,,,,,,,,,,,,,,,,,,,,,,,,,,,,,,,,,,,,,,,,,,,,,,,,,,,,,,,,,5.3,,,,,,,,,,,,,,,,,,,,,,5.3,,,,6.7,,,,,,,,,,,,,,,,,,,,,,,,,,,,,,,,,,,,,,,,,,,,,,,,,,,,,,,,,,,,6.0,
milio,,,,,,,,,,,,,,,,,,,,,,,,,,,,,3.6,,,,,,,,,,,,,,,,,,,,,,,,,,,,,,,,,,,,3.9,,,,,,,,,,,,,,,,,,,,,,,,4.4,,,,,,,,,,,4.1,,,,,,,,,,,,,,,,,,,,6.5,,,,,,,,,,,,,,,,,,,,,,,,,,,,,,,,,,,,,,,,,,,
missfortune,,,,,,,6.8,,,,,,,,,,,,,,,,,,,,,,,,,,,9.1,,,,,,,,,,,,,,,,,,,,,,,,,,,,,,,,,,,,,,,,,,,,,,,,,,,,,,,,,,,,,,,,,,6.7,,9.7,,,,,,,,,,,,,,,,,,,,,,,,,,,,,,,,,,,,,,,,,,,,,,,,,,,,,,,,,,,,6.8,
monkeyking,,,,,,,6.5,,,,,,,,,,,,,,,,,,,,,,,,,,,,,,,,,,,,,,,5.6,,,,,,,,,,,,,,,,,,,,,,,,,,,,,,5.9,,,,,,,,,,,,,,,,,,7.0,,,,,,,,,,,,,,,,,,,,,,,,,,,,,,,,,,,,,,,,,,,,,,,,,,,,,,5.0,,,,,,,,,,,,,,,
mordekaiser,,,,,,,7.0,,,,,,,,,,,,,,,,,,,,,,,,,,,,,,,,,,,,,,,,,,,,,,,,,,5.3,,,,,,,,,,,,,,,,,,,,,,,,,,,,,6.0,,,,,,,,,,,,,,,,,,,,,,,,,,,,,,,,,,,6.0,,,,,,,,5.7,,,,,,,,,,,,,,,,,,,,,,,,,,,,,,,,,,
morgana,,,,,,,,,,,,,,,,,,,,,,,,,,,,,,,,,,,,,,,,,,,,,,,,,,,,,,,,,,,,,,,,9.3,4.8,,,,,4.0,,,,,,,,,,,,,,,,,,6.5,,,,,,,,,,,,,,,,,,,,,,,,,,,,,,,,,,,,,,,,,,,,,,,,,,,,,,,,,,,,,,,,,,,,,4.8,,,,,,
nami,,,,,,,,,,,,,,,,,,,,,,,,4.6,,,,,,,,,,,,,,,,,,,,,,,,,,,,,,,,,,,,,,,,,,,,,,,,,,,5.0,,,,,,,,,,,,,4.6,,,,,,4.4,,,,,,6.5,,,,,,,,,,,,,,,,,,,,,,,,,,,,,,,,,,,,,,,,,,,,,,,,,,,,,,,,,,,,,,,
nasus,,,,,,7.7,,,,,,,,,,,,,,,,,,,,,,,,,,,,,,,,,,,,,,,,5.6,,,,,,,,,,,,,,,,,,,,,,,,,,,,,,,,,,,,,,,,6.6,,,,,,,,,,,,,,,,,,,,,,,,,,,,,,,,,,,,,,,,,,5.3,,,,,,,,,,,,,,,6.5,,,,,,,,,,,,,,,,,,,,
nautilus,,,,,,,,,,,,,,,,,,,,4.0,,,,,,,,3.9,,,,,,,,,,,,,,,,,,,,,,,,,,,,,,,,,,,,,5.7,,,,,,,,,,,,,,3.7,,,,,,,,,,,,,,,,,,,,,,,,,,,,,,,,,,,,,,,,,,,,,,,,,,,,,,6.0,,,,,,,,,,,,,,,,,,,,,,,,,,,,,,
neeko,,,,,,,,,,,,,,,,,,,,,,,,,,,,,,,,,,,,,,,,,,,,,,6.5,5.6,,,,,,,,,,,,,,,5.4,,,,,,,,,,,,,,6.3,,,,,,,,,,,,,,,,,,,,,,7.2,,,,,,,,,,,,,,,,,,,,,,,,,,,,,,,,,,,,,,,,,,,,,,,,,,,,,,,,,,,,,,,,,
nidalee,,,,,,6.0,,,,,,,,,,,,,,6.1,,,,,,,,,,,,,,,,,,,,,,,,,,,,,,,,,,,,,,,,,,,,,,,,6.3,,,,,,,,,,,,,,,,,,,,7.0,,,,,,,,,,,,,,,,,,,,,,,,,,,,,,,,,,,,,,,,,,,,,,,,,,,,,,,,,,,,,11.1,,,,,,,,,,,,,,
nilah,,,,,,,,,,,,,,,,,,,,,,,,6.9,,,,,,,,,,,,,,,,,,,,,,,,,,,,,,,,,,,,,,,,,,,,,,,,,,,,,,,,,,,,,,,,,,,,,,,,,,,,,,,,,,,,,,,,,,,5.5,,,,,,,,,,,,,,5.7,,,,,,,,,,,,,,,8.8,,,,,,,,,,,,,6.5,,,,,,
nocturne,,,,,,,7.1,8.5,,,,,,,,,,,,,,,,,,,,,,,,,,6.5,,,,,,,,,,,,,,,,,,,,,,,,,,,,,,,,,,,,,,,,,,7.8,,,,,,,,,,,,,,,,,,,,,,8.6,,,,,,,,,,,,,,,,,,,,,,,,,,,,,,,,,,,,,,,,,,,,,,,,,,,,,,,,,,,,,,,,,
nunu,,,,,,,,,,,,,,,,,,,,,,,6.2,,,,,,,,,,,,,,,,,,,,,,,,,,,,,,,,,,,,,,,,,,,,,,,,,,,,,,,,,,,,,,,,,,,,,,,,,,,,,,,,,,,,,,,,,,6.0,,,,,,,,,,,,,,,6.8,,,,,,,,5.5,,,,,,,,,,,,,,,7.7,,,,,,,,,,,,
olaf,,,,,,,,,,,,,,,,,,,,8.5,,,,,,,,,,,,,,,,,,,,,,,,,,6.2,,,,,,,,,,,,,,,,,,,,,,,,,,,,,,,,,,,,,,,,,,,,,,,,,,,,,6.2,,,,,,,,,,,,,,,,,,,,,,,6.2,,,,,,,,,,,,,,,,,,,,,,,,,6.7,,,,,,,,,,,,,,,,
orianna,,,,,4.9,,,,,,,,,,4.3,,5.0,,,,,,,,,,,,,,,,,,,,,,,,,,,,,,,,,,,,,,,,,,,,,,,,6.0,,,,,,,,,,,,,,,,,,,,,,,,,,,,,,,,,,,,,,,,,,,,,,,,,,,,,,,,,,,,,,,,,,,,,,,4.5,,,,,,,,,,,,,,,,,,,,,,,,,,,
ornn,,,,,,,,,,,,,,,,,,,,,,,,,,,,,,,,,4.8,,,,,,,,,,,,,,,,,,,,,,,6.5,,,,,,,,,,,,,,,,,,,,,,,,,,,,,,,,,,,,,,,,,,,,,,8.4,,,,,,,,,,,,,,,,,,,,,,,,,,,4.8,,,,,,,,,,,,,,,,,,,,5.6,,,,,,,,,,,,,,
pantheon,,,,8.5,,,,,,,,,6.2,,,,,,,,,,,,,,,,,,,,,,,,,,,,,,,,,,,,,,,,,,,,,,,,,,,,,,,,,,,,,5.5,,,,,,,,,,,,,,,,,,,,,,,,,,,,,,,,,,,,,,,,,,,,,,,5.5,,,,,,,,,,,,,,,,,,,,,,6.4,,,,,,,,,,,,,,,,,,,,
poppy,,,,,,,,,,,,,,,,,,,,4.5,,,,,,,,,,,,,,,,,,4.9,,,,,,,,,,,,,,,,,,,,,,,,,,,,,,,,,,,,,,,,,,,,,,,,,,6.9,,,,,,,,,,,,,,,,,,,,,,,,,,,,,,,,,4.7,,,,,,6.8,,,,,,,,,,,,,,,,,,,,,,,,,,,,,,,,,,,,
pyke,,,,,,,,,,,,,,,,,,,,,,,,5.9,,,,,,,,,,,,,,,,,,,,,,,,,,,,,,,,6.4,,,,,,,,,,,,,,,,,,,,,,,,,,,,,,5.9,,,,,,,,,,,,,,6.3,,,,,,,,,,,,,,,,,,,,,,,,,,,,,,,,,,,,,,,,,,,,,,,,,,,6.6,,,,,,,,,,,,
qiyana,,,,,,,,,,,,,,,,,,,,,,,,,,,,,8.4,,9.5,,,,,,,,,,,,,,,7.4,,,,,,,,,,11.2,,,,,,,,,,,,,,,,,,,,6.5,,,,,,,,,,,,,,,,,,,,,,,,,,,,,,,,,,,,,,,,,,,,,,,,,,,,,,,,,,,,,,,,,,,,,,,,,,,,,,,,,,,,,,,
quinn,,,,,,,,,,,,,,,,,,,,,,,,,,,,,,,,,,,,,,4.5,,,,,,,,5.6,,,,,,,,,,,,,,,,,,,,,,,,,,,,,5.8,,,,,,,,,,,,,,7.0,,,,,,,,,,,,,,,,,,,,,,,,,,,,,,,,,,,,,,,,,,,,,,,,,,,,,,,,,,9.2,,,,,,,,,,,,,,,,
rakan,,,,,,,,,,,,,,,,,,,,,4.6,,,,,,,,,,,,,,,,,,,,,,,,,,,,,,,,,,,,5.2,,,,,,,,,,,,,,,,,,,,,,,,,,,,,,,5.2,,,6.1,,,,,,,,,,,,,,,,,,,,,,,,,,,,,,,,,,,,4.9,,,,,,,,,,,,,,,,,,,,,,,,,,,,,,,,,,,,
rammus,,,,,,,,,,,,,,,,,,,,,,,,,,,,,,,,,,,,6.8,,,,,,,,,,6.4,,,,,,,,,,,,,,,,,,,,,,,,,,,,,,,,,,,,,,,,,,,,,,,,,,,,,,,,,,,,,,,,,,,,,,,,,5.5,,7.3,,,,,,,,,,,,,,,,,,,,,,,,,,,,,,,,,,,,,,,,8.8,,
reksai,,,,,,,,,,,,,,,,,,,,,,,,,,,,,,4.1,,,,,,,,,,,,,,,,,,,,,,,,,,,,,7.6,,,,,,,,,,,,,,,,,,,,,,,,,,,,,,,,,,,,,,,,3.0,,,,,,,,,,,,,,,,,,,,,,,,,,,,,,,,4.4,,,,,,,,5.3,,,,,,,,,,,,,,,,,,,,,,,,
rell,,,,,,,,5.9,,,,,,,,,,,,,,,,,,,,,,,,,,,,,,,,,,,,,,,,,,,,,,,,,,,,,,,,,,,,,,,,,,4.7,,,,,7.4,,,,,,,,,,,,,,8.3,,,,,,,,,,,,,,,,,,,,,,,,,,,,,,,,,,,8.2,,,,,,,,,,,,,,,,,,,,,,,,,,,,,,,,,,,
renata,,,,,,5.7,,,,,,,,,,,,,,,,,,5.2,,,,,,,,,,,,,,,,,,,,,,,,,,,,,,,,,,,,,,,,,,,,,,,,,,,,,,,,,,,,,,,,,6.2,,,,,,,,,,,,,,,,,,,,,,,,,,,,,,,,,,,,,,,6.2,,,,,,,,,,,,,,,,,,,,,,,,,,,,,7.6,,,,,,
renekton,,,,6.3,,5.9,11.5,,,,,,,,,,,,,,,,,,,,,,,,,,,,,,,,,,,,,,,,,,,,,,,,,,,,,,,,,,,,,,,,,,,,,,,,,,,,,,,,,,,,,,,5.1,,,,,,,,,,,,,,,,,,,,,,,,,,,7.4,,,,,,,,,,,,,,,,,,,,,,,,,,,,,,,,,,,,,,,,,,
rengar,,,,,,,,,,,,,,,,,,,,,,,,,,,5.3,,,,,,,,,,,,,,,,,,,5.5,,,,,,,,,,8.6,,,,,,,,,,,,,,,,,,,,,,,,,,,,,,,,,,,,,,,,,,,,,,,,,,,,,,,,,,,6.6,,,,,,,,,,,,,,,,,,,,,,,,,,,10.2,,,,,,,,,,,,,,,,,,,,,
riven,,,,,5.5,,8.5,,,,,,,,,,,,,,,,,,,,,,,,,,,,,,,,,,,,,,,,,,,,,,,,,,6.6,,,,,,,,,,,,,,,,,,,,,,,,,,,,,,,6.7,,,,,,,,,,,,,,,,,,,,,,,,,,,,,,,,,,,,,,,,,,,,,,,,,,,,,,,,,,,,,,,,,,,,,5.8,,,,,,
rumble,,,,,,4.3,,,,,,,,,4.8,,,,,,,,,,,,,,,,,,,,,,,,6.2,,,,,,,5.9,,,,,,,,,,,,,,,,,,,,,,,,,,,,8.1,,,,,,,,,,,,,,,,,,,,,,,,,,,,,,,,,,,,,,,,,,,,,,,,,,,,,,,,,,,,,,,,,,,,,,,,,,,,,,,,,,,,,,,,,
ryze,,,,,,,,,,,,,,,,,,,,,,,,,,,,,,,,,,,,,,,,,,,,,,,,,,,,,,,,,,,,,,,,,,,,,,,,,,5.0,,,,,,,,,6.2,,,,,,4.9,,,,,,,,,,,,,,,,,,,,,,,,,,,,,,,,,,,,,,,,,,,,,,,,,,,,,,,,,,,,,,,,,,,6.1,,,5.9,,,,
samira,,,,,,,,,,,,,,,,,,,,,,,,,,,,,,,8.4,,,,,,,,,,,,,,,,,,,,,,,,,,,,,,,,,,,,,,,,,,6.8,,,,,,,,,,,,,,,,,,,,,,,,,7.5,,,,6.3,,,,,,,,,,,,,,,,,,,,,,,,,,,,,,,,,,,,,,,,,,,,,,,,,10.8,,,,,,,,,,,,
sejuani,,,,,6.5,,4.6,,,,,,,,,,,,,,,,,,,,6.3,,,,,,,,,,,,,,,,,4.0,,,,,,,,,,,,,,,,,,,,,4.0,,,,,,,,,,,,,,,,,,,,,,,,,,,,,,,,,,,,,,,,,,,,,,,,,,,,,,,,,,,,,,,,,,,,,,,,,,,,,,,,,,,,,,,,,,,,,,,,,,
senna,,,,,,8.3,,,,,,,,,,,,,,,,,,,,,,,,,,,,,,,,,,,,,,,,,,,,,,,,,,8.0,,,,,,,,,,,,,,,,,,,,,,,,,,,,,,,,5.4,,,,,,5.1,,,,,,,,,,,,,,,,,,,,,,,,,,,,,,,,,,,,,,,,,,,,,,,,5.9,,,,,,,,,,,,,,,,,,,,,
seraphine,,,,,,7.0,,,,,,,,,,,,,,,,,,,,,,,,,,,,,,,,,,,,,,,,,,,,,,,,,,,,,,,,,,,,,,,,5.8,,,,,,7.1,,,,,,,,,,,,,5.5,,,,,,,,,,,,,,,,,,,,,,,,,,,,,,,,,,,,,,,,,,,,,,,,,,,,,,,,,,,,5.3,,,,,,,,,,,,,,
sett,,,,,,6.5,,,,,,,,,,,,,,,,,,,,,,,6.4,,,,,,,,,,,,,,,,,6.0,,,,,,,,,,,,,,,,,,,,,,,,,,,,,7.5,,,,,,,,,,,,,6.3,,,,,,,,,,,,,,,,,,,,,,,,,,,,,,,,,,,,,,,,,,,,,,,,,,,,,,,,,,,,,,,,,,,,,,,,,,,
shaco,,,,,,,,,,,,,,,,,,,,6.1,,,,,,,,,,,,,,,,,,,,,,,,,,6.0,,,,,,,,,,,,,,,,,,4.4,,,,,,,,,,,,,,4.3,,,,,,,,,,,,,,,,,,,,,,,,,,,,,,,,,,,,,,,,,,,,,,,,,,,,,,,,,,,,,,,,,,,,,,,,,,,,,,,,,,,,,4.7
shen,,,,,,6.9,,,,,,,,,,,,,,,,,,,,,,,,,,,,,,,,,,,,,,,,,,,,,,,,,,,,,,,,,,,,,,,,,,,,,,,,,,,,,,,,,,7.5,,,,,,,,,,,,,,,,,6.2,,,,,,,,,,,,,,,,,,,,,,,,,,,,,,,6.1,,,,,,,,,,,,,,,7.8,,,,,,,,,,,,
shyvana,,,,,,,,,,,,,,,4.4,,,,,,,,,,,,,,,,,,,,,,,,,,,,,,,,,,,,,,,,,,,,,,,,,,6.8,,,,,,5.5,,,,,,,,,,,,,,,,,,,,,,5.1,,,,,,,,,,,,,,,,,,,,,,,,,,,,,,,,,,,8.1,,,,,,,,,,,,,,,,,,,,,,,,,,,,,,,,,,,
singed,,,,,,,,5.3,,,,,,,,,,,,,,,,,,5.6,,,,,,,,,,,,,,,,,,,,7.2,,,,,,,,,,,,,,,,,,,,,,,,,,,,,,,,,,,,,,,,,,,,,,,,,,,,,,,,,,,,,,,,,,,,,,,,,,,8.1,,,,,,,,,,,,,,,,,,,,,,,,,5.7,,,,,,,,,,,,,,,,,
sion,,,,,,,7.5,,,,,,,,,,,,,,,,,,,,,4.3,,,,,,,,,,,,,,,,,,,,,,,,,,,,,,,,,,,,,,,,,,,,,,,,,,,,,,,,,,,,,,,,,,,,,,,,,,,,,,,,,,,,,,,,,,,,,,,,,,,8.6,,,,,,,,5.0,,,,,,,,,,,,4.9,,,,,,,,,,,,,,,,
sivir,,,,,,,,,,,,,,,,,,,,,,,,,,,,,,,,,,,,,,,,,,,,,,,,,,,,,,,,,,,,,,,,,,,,6.2,,,,,,6.0,,,,,,,,,,,,,,,,,,,,,,,,,,9.7,,,,,,,,,,,,,,,,,,,,,,,,,7.3,,,,,,,,,,,,,,,,,,,,,,,,10.7,,,,,,,,,,,,,,
skarner,,3.7,,,,,,,,,,,,,,,,,,,,,,,,,,,,,,,,,,,,,,,,,,,,,,,,,,,,,,,,,1.5,,,,,,6.4,,,,,,,,,,,,,7.4,,,,,,,,,,,,,,,,,,,,,,,,,,,,,,,,,,,,,,,,,,,,,,,,,,,,,,,,,,,,,,,,,,,,,,,,,,,,,,,,2.6,,,,,
sona,,,,,,5.9,,,,,,,,,,,,,,,,,,,,,,,,,,,,,,,,,,,,,,,,,,,4.5,,,,,,,,,,,,,,,,,,,,,,,,,,,,,,,,,,,,,,,,,,,,,,,,,,,6.5,,,,,,,,,,,,,,,,,5.9,,,,,,,,,,,,,,,,,,,,,,,,,,,,,,,,,,,5.1,,,,,,,,,,,
soraka,,,,,,,,,,,,,,,,,,,,,,,,,,,5.0,,,,,,5.5,,,5.8,,,,,,,,,,,,,,,,,,,,,5.2,,,,,,,,,,,,,,,,,,,,,,,,,,,,,,,,,,7.3,,,,,,,,,,,,,,,,,,,,,,,,,,,,,,,,,,,,,,,,,,,,,,,,,,,,,,,,,,,,,,,,,,,,,,,,
swain,,,,,,3.0,,,,,,,,,,,,,,,,,,,,,,,,,,,5.1,,,,,,,,,,,,,,,,,,,,,,,,,,,,,,,,,,,,,,,,,,,6.3,,,,,,,,,,,,,,,,,3.2,,,,,,,,,,,,,,,,,,,,,,,,,,,,,,,,,,,,,,,3.5,,,,,,,,,,,,,,,,,,,,,,,,,,,,,,,
sylas,,,,4.4,,,,,,,,,,,,,,,,,,,,,,,,,,,,,,,,,,,,,,,,,,6.0,,,6.2,,,,,,,,,,,,,,,,,,,,,,,,,,,,,,,,,,,,,,,,,,,,,,,,,,,,,,,,,,,,,,,,,,,,,,,,4.5,,,,,,,,,,,,,,,,,,,,,,,,,,,,6.1,,,,,,,,,,,,,,
syndra,,,,,,,,,,,,,,,,,,,,,,,,,,,,,,,,,,,,,,,,,,,,,,,,,,,,,,,,,,,,,,,,9.7,,,,,,,,,,,,,,,,,,,,,,,,,,,,,,,,,,,,,,5.7,,,,,,,,,,,,,,,,,5.1,,5.7,,,,,,,,,,,,,,,,,,,,,,,,,,,5.6,,,,,,,,,,,,,,,
tahmkench,,,,,,,,,,,,,,,,,,,,,,,,,,,,,,,5.8,,,,,,,,,,,,,,,,,,,,,,,,,,,,,,,,,,,,,,,,,,,,,,,,,,,,,,,,,,,,,,,,,,,,,,,,,,,,,,,6.0,,,,,,,,,,,7.7,5.4,,,,,,,,,,,,,,,,,,,,,,,,,,,,,,,,,,6.6,,,,,,,
taliyah,,,,,,,,,,,,,,,,,,,,,,,5.9,,,,,,,,,,,,,,,,,,,,,,,,,,,,,,,,,,,,,,,5.4,4.8,,,,,,,,,,,,,,,,,,,,,,,,,,,,,,,,,,,,4.9,,,,,,,,,,,,,,,,,,,7.8,,,,,,,,,,,,,,,,,,,,,,,,,,,,,,,,,,,,,,,,,,,,,
talon,,,,,,,,,,,,,,,,,,,,,,,,,,,,,,,6.8,,,,,,,,,,,,,,,,,,,,,,,,,8.0,,,,,,,,,,,,,,,,,6.3,,,5.9,,,,,,,,,,,,,,,,,,,,,,,,,,,,,,,,,,,,,,,,,,,,,,,,,,,,,,,,,,,,,,,,,,,,,,,,,5.6,,,,,,,,,,,,,,
taric,,,,,,,,6.5,,,,,,,,,,,,,,,,,,,,,,,,,,,,5.9,,,,,,,6.2,,,,,,,,,,,,,,,,,,,,,,,,,,,,,,,6.9,,,,,,,,,,,,,,7.1,,,,,,,,,,,,,,,,,,,,,,,,,,,,,,,,,,,,,,,,,,,,,,,,,,,,,,,,,,,,,,,,,,,,,,,,,,,
teemo,,,,,,,,,,,,,,,5.3,,,,,,,,,,,,,,,,,,,,,,,,,,,,,,,5.6,,,,,,,,,,,,,,,,,,,,,,,,,,,,,,,,,,,,,,,,,,7.1,,,,,,,,,,,5.2,,,,,,,,,,,,,,,,,,,,,,7.5,,,,,,,,,,,,,,,,,,,,,,,,,,,,,,,,,,,,,,,,,,
thresh,,,,,,,,,,,,,,,,,,,,,3.8,,,,,,,,,,,,,,,,,,,,,,,,,,,,,,,,,,,7.0,,,,,,,,4.2,,,,,,,,,,,,,,,,,,,,,,,,4.6,,,,,,,,,,,,,,,,,,,,,,,,,,,,,,,,,,,,,,,,,,,,,,,,,,4.1,,,,,,,,,,,,,,,,,,,,,,,,,
tristana,,,,,,,,,,,,,,,,,,,,7.1,,,,,,,,,6.6,,,,,,,,,,,,,,,,,,,,,,,,,,,,,,,,,,,,,,,,,,,,,,,,,,,,,,,,,,,,,,,,,,7.0,,,,,7.0,,,,,,,,,,,,,,,,,,,,,,,,,,,,,,,,,,,,,,,,,,,6.1,,,,,,,,,,,,,,,,,,,,
trundle,,,,,,,,,,,,,,,,,,,,,,,,,,,,,,,,,,,,,,,,,4.7,,,,,,,,,,,,,,,,,,,,,,,,5.1,,,,,,,,7.5,8.4,,,,,,,,,,,,,,,,,,,,,,,,,,,,,,,,,,,,,,,,,,,,,,,,,,,,,,,,,,,,,,,,,,,,,,,,8.5,,,,,,,,,,,,,,,,,
tryndamere,,,,,,,,5.7,,,,,,,,,,,,,,,,,,,,,,,7.2,,,,,,,,,,,,,,,,,,,,,,,,,,,,,,,,,,,,,,,,,,,,,,,,,,,,,,,,,,6.0,,,,,6.1,,,,,,,,,,,,,,,,,,,,,,,,,,,,,,,,,,,,,,,,,,,,,,,,,,,,,,,,,6.7,,,,,,,,,,,,
twistedfate,,,,,,,,,,,,,,,,,,,,,5.9,,,,,,,,,,,,,,,,,,,,,,,,,,,,,,,,,,,,,,,,,,,,7.1,,,,,,,,,,,6.9,,,,,,,,,,,,,,,,,,,,,,,,,,,,,,,,,,,,,,,,,,8.3,,,,,,,,,,,,,,,,,,,,,,,,,,,,,,,,,,,,,8.3,,,,,,,,
twitch,,,,,,,,,,,,,,,,,8.6,,,,,,,,,,,,,,,,,9.6,,,,,,,,,,,,,,,,,,,,,,,,,,,,,,,,,,,,,,,,,,,,,,,,,,,,,,,,,,,,,,,,,,,,,,,,,,,,,,,,,6.6,,,,,,,,,,,,6.3,,6.8,,,,,,,,,,,,,,,,,,,,,,,,,,,,,,,,,,
udyr,,,,,,,,,,,,,,,,,,,,,,,,,,,,,,,,,,,,,,,,,,,,,,,,,,,,,,,,,,,,,,,,,,,,,,,,,8.4,,,,,,,,,,,,,,,,,,,,,4.8,,,,,,,,,,,,,,,,,,,,,,,,,,,,,,,,,,,,,,,,,,,,,,,,,,,,,,,,,6.2,,,,,,,,,,,,5.3
urgot,,,,,,,,,,,,,,,,,,,,,,,,,,,8.7,,6.1,,9.0,,,,,,,,,,,,,,,,,,,,,,,,,,,,,,,,,,,,,,,,,,,,,13.8,,,,,,,,,,,,,,,,,,,,,,,,,,,,,,,,,,,,,,,,,,,,,,,,,,,,,,,,,,,,,,,,,,,,,,,,,,,,,,,,,6.7,,,,,,
varus,,,,,,,,,,,,,,,,,4.2,,,,,,,,,,,,,,,,,,,,,,,,,,,,,4.3,,,,,,,,,,,,,,,,,,,,,,,,,,,,,,,,,,,,,,,,,,,,,,,,,,,,5.0,,,,,,,,,,,,,,,,,,,,,,,5.0,,,,,,,,,,,,,,,,,,,,,,,,,,,,,,,,,,,,,,,,,6.9,
vayne,,,,,,,5.7,,,5.5,,,,,,,,,,,6.0,,,,,,,,,,,,,,,,,,,,,,,,,5.9,,,,,,,,,,,,,,,,,,,,,,,,,,,,,,,,,,,5.6,,,,,,,,,,,,,,,,,,,,,,,,,,,,,,,,,,,,,,,,,,,,,,,,,,,,,,,,,,,,,,,,,,,,,,,,,,,,,,,,,,
veigar,,,,,,,,,,,,,,,,,,,,,,,,,,,,,,,,,,,,5.0,,,,,,,,,,,,,,,,,,,,,,,,,,,,,,,,,,,,,,,,,,,,,,,,,,,,,,,,,,,,,,,,,,,,,,,,,,,,,4.4,,,,,,,,5.3,,,,,,,,,,,,,,,,,,,,,5.0,,,,,,,5.1,,,,,,,,,,,,,,
velkoz,,,,,,,,,,,,,,,,,,,,,,,,,,,,,,,,,,,,6.3,,,,,,,,,,,,,,,,,,,,,,,,,,,,,,,,,,,,,,,,,,,,,,,,,,,,,,,,,,,5.0,,,,,,,,,,,,,,,6.6,5.3,,,,,,,,,,,,,,,,,,,,,,,,,,,,,,,,,4.9,,,,,,,,,,,,,,,,,,,
vex,,,,,,,,,,,,,,,,,,,,,,,7.5,,,,,7.2,,,,,,,,,,,,,,,,,,7.0,,,,,,,,,,,,,,,,,,,,,,,,,,,,,,,,,,,,,,,,,,,,,,,,,,,,,,5.9,,,,,,,,,,,,,,,,,,,,,,,,,,,,,,,,,,,,,,,,,,,,,,,,,,,,,,,,,,,,,,,7.0
vi,,,,,,5.4,,,,,,,,,,,,,,,,,,,,,6.7,,,,,,,,,,,,,,,,,,,,,,,,,,,,,,,,,,,,,,,,,,,,,,,,,,,,,,,,,,,,,11.2,,,,,,,,,,,,,,,,,,,,,,,,,,,,,,,,,,,,,,,5.0,,,,,,,,,,,,,,,,,,,,6.0,,,,,,,,,,,,,,,,
viego,,,,,,,,5.5,,,,,,,,,,,,,,,,,,,,,,,,,,,,,,,,,,,,,,,,,,,,,,,,7.8,,,,,,,,,,,,,,,,,,,,,,,,,,,,,,,,,,,6.3,,,,,,,,,,,,,,,,,,,,,,,,,,,,,,,,,,,,,,,,,,,,,,,,,,,,,,,,,,5.7,,,,,,,,,,,,,,5.9
viktor,,,,,,6.1,,,,,,,,,,,,,,,,,,,,,,,,,,,,,,,,,,,,,,,,5.0,,,,,,,,,,,,,,,,,,,,,,,,,,,,,,,,,,,,,,,,,,,,,,,,,,,,,,,,,,,,,,,,,,,,,,,5.7,,,,,,,,,,,,,,,,7.1,,,,,,,,,,,,,,,6.2,,,,,,,,,,,,,,,
vladimir,,,,7.4,,,,,,,,,,,,,,,,,,,,,,,,,,,,,,,,,,,,,,,,,,,,,,,,,,,,,,,,,,,,,,,,,,,,,,,,,,,,,,,,,,,,,,,7.6,,,,,,,11.1,,,,6.3,,,,,,,,,,,,,,,,5.2,,,,,,,,,,,,,,,,,,,,,,,,,,,,,,,,,,,,,,,,,,,,,
volibear,,,,,,7.3,,,,,,,6.9,,,,,,,,,,,,,,,,,,,,,,,,,,,,,,,,,,,,,,,,,,,,,,,,,,,,,,,,,,,,,,5.9,,,,,5.3,,,,,,,,,,,,5.3,,,,,,,,,,,,,,,,,,,,,,,,,,,,,,,,,,,,,,,,,,,,,,,,,,,,,,,,,,,,,,,,,,,,,,,
warwick,,,,,,,,,,,,,,,,,,,,,,,,,,,,,,,,,6.7,,,,,,,,,,,,,7.9,,,,,,,,,,,,,,,,,,,,,,,,,,,,6.6,,,,,,,,,,,,,8.8,9.1,,,,,,,,,,,,,,,,,,,,,,,,,,,,,,,,,,,,,,,,,,,,,,,,,,,,,,,,,,,,,,,,,,,,,,,,,,,
xayah,,,,,4.7,4.3,,,,,,,,,,,,,,,,,,,,,,,,,,,,,,,,,,,,,,,,,,,,,,,,,,,,,,,,,,,,,,,,,,,,,,,,,,,,,,,,,,,,,7.1,,,,,,,,,,,,,,,,,,,,,,,,5.6,,,,,,,,,,,,,,,,,,,,,,,,,,,,,,,,,,4.4,,,,,,,,,,,,,,
xerath,,,,,,,,,,,,,,,,,,,,6.5,,,,,,,,,,,,,,,,,,,,,,,,,,9.9,,,,,,,,,,,6.1,,,,,,,6.2,,,,,,,,,,,,,,,,,,,,,,,,,,,,,,,,,,,,,,,,,,,,,,,,,,,5.8,,,,,,,,,,,,,,,,,,,,,,,,,,,,,,,,,,,,,,,,,,,,,,,,
xinzhao,,,,,4.1,,,,,,,,,,,,,,,,,,,,,,,,,,,,,,,,,,,,,,,,,4.6,,,,,,,,,,,,,,,,,,,,,,,,,,,,,,,,,,,,,4.2,,,,,,,,,,5.7,,,,,,,,,,,,,,,,,,,,,,,,,,,,8.4,,,,,,,,,,,,,,,,,,,,,,,,,,,,,,,,,,,,,,,,,,
yasuo,,,,,,5.3,,,,,,,,,,,,,,,,,,,,,,,,,,,,,,,,,,,,,,,,,,,,,,,,,,5.3,,,,,,,,,,,,,,,,,,,,6.3,,,,,,,,,,,,,,,,,,,,,,,,,,6.6,,,,,,,,,,,,,,,,,,,,,,,,,,,,,,,,,,,,,,,,,,5.2,,,,,,,,,,,,,,,,,,,
yone,,,,,,,,,,,,,,,,,,,,8.3,,,,,,,,5.8,,,,,,,,,,,,,,,,,,,,,,,,,,,,9.4,,,,,,,,,,,,,,,,,,,,,,,,,,,,,,,,6.2,,,,,,,,,,,,,,6.7,,,,,,,,,,,,,,,,,,,,,,,,,,,,,,,,,,,,,,,,,,,,,,,,,,,,,,,,,,,,,
yorick,,,,,,,,,,,,,,,,,,,,6.6,,,,,,,,,,,,,5.2,,,,,,,,,,,,,,,,,,,,,,,,,,,,,,,,,,,,,,,,,,,,,,,,,,,,,,,,,,,,,,,,,,,,,,,,,,,,,,,,,,,,,,,,,,,,,,,,,,,,,,5.9,,,,,,,,,,,,,,,,,,,,,,6.2,,,,,,5.3
yuumi,,,,,,,,,,,,,,,,,,,,,,,,,,,,,,,,,,,,,,,,,,,,,,,,,,,,,,,,,,,,,,,,,,,,,,,8.5,,,,,,,,,,,,,,,,,6.0,,,,,,,,,,,,7.4,,,,,,,,,,,,,,,,,,,,,,,,,,,,,,,,,,,,,,,,,,,,,,,,10.9,,,,,,,,,6.3,,,,,,
zac,,,,,,,,,,,,,,,,,,,,,,,,,5.2,,,,,,,,,,,,,,,,,,,,,,,,,,,,,,,,,,,,,,,,,,,,,,,,,,,,,,,,,,,,,,,7.8,,,,,,5.7,,,,,,,,,6.3,,,,,,,,,,,,,,,,,,,,,,,,,,,,,,,,,,,,,,,,,,,,,,,,,,,,,5.2,,,,,,,
zed,,,,,,4.7,,,,,,,,,,,,,,,,,,,,,,,,,,,,,,,,,,,,,,,,,,,,,,,,,,4.7,,,,,,,,,,,,,,,,,,,,,,,,,,,,,,,,6.1,,,,,,,,,,,,7.2,,,,,,,,,,,,,,,,,,,,,,,,,,,,,,,,,,,,,,,,,,,,,,,,,,,,,,,,,,,,,,,
zeri,,,,,,,,,,,,,,,,,,,,,,,,,,,,,,,,,5.2,5.4,,,,,,,,,,,,,,,,,,,,,,,6.3,,,,,,,,,,,,,,,,,,,,,,,,,,,,,,,,,,,,,,,,,5.9,,,,,,,,,,,,,,,,,,,,,,,,,,,,,,,,,,,,,,,,,,,,,,,,,,,,,,,,,,6.1,,,,,,,
ziggs,,,,,,7.7,,,,,,,,,4.6,,,,,,,,,,,,,,,,,,,,,,,,,,,,,,,,,,,,,,,,,,,,,,,,,,,,,,,,,,,,,,,,,,,,,,,,,,7.0,,,,,,,,,,,,,,,,,,,,,,,,5.6,,,,,,,,6.0,,,,,,,,,,,,,,,,,,,,,,,,,,,,,,,,,,,,,,,,,,
zilean,,,,,,,6.9,,,,,,,,,,,,7.8,7.0,,,,,,,,,,,8.3,,,,,,,,,,,,,,,,,,,,,,,,,,,,,,,,,,,,,,,,,,,,,,,,,,,,,,,,,,,,,,,,,,,,,10.4,,,,,,,,,,,,,,,,,,,,,,,,,,,,,,,,,,,,,,,,,,,,,,,,,,,,,,,,,,,,,,,
zoe,,,,,,,,,,,,,,,,,,,,,,,,,,,6.2,,,,,6.8,,,,,,,,,,,,,,,,,,,,,,,,,,,,,,,,,,,,,,,,,,,,,,,5.6,,,,,,,,,,,,,,,,6.2,,,,,,,,,,,,,,,,,,,,,,,,,,,,,,,,,,,,,,,,,,,,5.8,,,,,,,,,,,,,,,,,,,,,,,,
zyra,,,,,,,,,,,,,,,,,,,,,,,,,,,,,,,7.3,,,,,,,,,,,,,,,,,,,,,,,,,,,,,,,,,,,,,,,,,,,,,,,,5.1,,,,,,,,,,,,,,,,,,,,,,,,,,,,,,,,,,,,,,,,,,,,,,,,,7.1,,,,,,,,,,,,,,,8.1,,,,,,,,,,,,5.2,,,,,,,,
