Strong_against,aatrox,ahri,akali,akshan,alistar,amumu,anivia,annie,aphelios,ashe,aurelionsol,azir,bard,belveth,blitzcrank,brand,braum,caitlyn,camille,cassiopeia,chogath,corki,darius,diana,drmundo,draven,ekko,elise,evelynn,ezreal,fiddlesticks,fiora,fizz,galio,gangplank,garen,gnar,gragas,graves,gwen,hecarim,heimerdinger,illaoi,irelia,ivern,janna,jarvaniv,jax,jayce,jhin,jinx,ksante,kaisa,kalista,karma,karthus,kassadin,katarina,kayle,kayn,kennen,khazix,kindred,kled,kogmaw,leblanc,leesin,leona,lillia,lissandra,lucian,lulu,lux,malphite,malzahar,maokai,masteryi,milio,missfortune,monkeyking,mordekaiser,morgana,nami,nasus,nautilus,neeko,nidalee,nilah,nocturne,nunu,olaf,orianna,ornn,pantheon,poppy,pyke,qiyana,quinn,rakan,rammus,reksai,rell,renata,renekton,rengar,riven,rumble,ryze,samira,sejuani,senna,seraphine,sett,shaco,shen,shyvana,singed,sion,sivir,skarner,sona,soraka,swain,sylas,syndra,tahmkench,taliyah,talon,taric,teemo,thresh,tristana,trundle,tryndamere,twistedfate,twitch,udyr,urgot,varus,vayne,veigar,velkoz,vex,vi,viego,viktor,vladimir,volibear,warwick,xayah,xerath,xinzhao,yasuo,yone,yorick,yuumi,zac,zed,zeri,ziggs,zilean,zoe,zyra
aatrox,,,,,,,,,,,,,,,,,,,,,,,,,1028.481,,,,,,,,,,,,,,,,,,,,,,,,,,,,,,,,,,756.9327,,,,,,,,,,,,,,,,,,,,,,,,,1011.2456,,,,,,,,,,,,,,,,,,,,,,,,,,,,,,,1223.7532,,,746.1849,,,,,,,,,,,,,,,,,,,,,,,,,,,,,,,,,,,,,,,,,,,,,
ahri,,,,,,,,,,,611.9646,207.3262,,,,,,,,,,,,,,,,,,,,,,545.5573,,,,,,,,,,,,,,,,,,,,,,,456.6971,,,,,,,,,,,,,,,,,,,,,,,,,,,,,,,,,,,,,,,,,,,,,,,,,,,219.0,,,,,,,,,,,,,,,,,,,,,,,,,,,,,,,,,,,,,,,,,,,,,,,,,,,,,,,
akali,,,,,,,,,,,370.5,,,,,,,,,,,,,,,,,,,,,,,,,,,,,,,,,,,,,304.4762,,,,220.8846,,,,,,,388.355,,,,,,,,,,,,,,,,,,,,,,,,,,,,,,,,,,273.344,,,,,,,,,,,,,,,,,,,,,,,,,,,,,,,,,,,,,,,,,,,,,,,,,,,,,,,,,,,,,,,,,,,,,,
akshan,,,,,,,,,,,1055.8068,,,,,,,,,,,,,,,,,,,,,,,812.6364,,,,,,,,,,,,,,,,,,,,,,,,,783.9245,,,,,,,,,,,,,,,,,,,,,,,,,,,,,,,,,,,,,,,,,,,,,,,,,,,,,,,,1100.5833,,,,,,,,,748.0535,,,,,,,,,,,,,,,,,,,,,,,,,,,,,,,,,,,,,,,
alistar,,,,,,,,,,,,,,,,,,,,,,,,,,,,,,,,,,,,,,,,,,,,,,,,,,,,,,,,,,,,,,,,,,,,,,,,,,,,,,,,,,,,,,,,,,,,,,,,,,,,,,,,,,,,,,,,,,,,,,,,,,,,,,,,,,,,,,,,,,,,,,,,,,,,,,,,,,,,,,,,,,,
amumu,,,,,,,,,,,,,,,,,,,,,,,,,,,,,,,,,,,,,,,,,,,,,,,,,,,,,,,,,,,,,,,,,,,,,,,,,,,,329.8848,,,,,,,,,,,,,,,,,,,181.5385,,,,,593.4501,,,,,,,,,,322.9723,,,,,,,,,,,,,,,,,,,,,,,,,,,,,,,,,,,,,,,,,,,,,,,353.5122,,,,,,
anivia,,,,,,,,367.1411,,,328.7521,,,,,,,,,,,,,,,,,,,,,,,,,,,,,,,,,,,,,,,,,,,,,,,174.6723,,,,,,,,,,,,,,,,,,,,,,,,,,,,,,,,,,,,,,,,,,,,,,,,,,,,,,,,,,,,,,,,,,,,,,,,,,,,,,,,,,,175.7483,,,,,,316.0368,,,,,,,,,,,,,,,,
annie,,,,,,,,,,,161.509,,,,,,,,,,,,,,,,,,,,,,,,,,,,,,,,,,,,,,,,,,,,,,,,,,,,,,,,,,,,,,,,,,,,,,,,,,,,,,,,,,,,,,,,,,,,,,,,,,,,,,,,,,,,,,,,,,,,,,,,,,,,,,,,,,,,,,,,,,,,,,,,,,,,,,,,
aphelios,,,,,,,,,,,,,,,,,,,,,,,,,,,,,,,,,,,,,,,,,,,,,,,,,,,,,,,,,,,,,,,,,,,,,,,,,,,,,,,,,,,,,,,,,,,,,,,,,,,,,,,,,,,,,,,,,,,,,,,,,,,,,,,,,,,,,,,,,,,,,,,,,,,,,,,,,,,,,,,,,,,
ashe,,,,,,,,,,,,,,,282.1426,,,,,,,,,,,,,,,,,,,,,,,,,,,,,,,271.7016,,,,,,,,,,,,,,,,,,,,,,,,,,275.349,,,,,,315.0292,,,,,,,,,,,,,,,,,,,,,,,,,,,,,,,,,,,,,,,,,,,,275.2363,,,,,,,,,,,,,,,,,,,,,,,,,,,,,,,,,,,,,,,,,
aurelionsol,,,,,,,,,,,,,,,,,,,,,,,,,,,,,,,,,,,,,,,,,,,,,,,,,,,,,,,,,,,,,,,,,,,,,,,,,,,,,,,,,,,,,,,,,,,,,,,,,,,,,,,,,,,,,,,,,,,,,,,,,,,,,,,,,,,,,,,,,,,,,,,,,,,,,,,,,,,,,,,,,,,
azir,,,,,,,,,,,176.4057,,,,,,,,,,,,,,,,,,,,,,,,,,,,,,,,,,,,,,,,,,,,,,,,,,,,,,,,,,,,,,,,,,,,,,,,,,,,,,,,,,,,,,,,,,,,,,,,,,,,,,,,,,,,,,,,,,,,,,,,,,,,,,,,,,,,,,,,,,,,,,,,,,,,,,,,
bard,,,,,,,,,,,,,,,195.2231,,,,,,,,,,,,,,,,,,,,,,,,,,,,,,,228.3236,,,,,,,,,,,,,,,,,,,,,,,,,,,,,,,,250.6477,,,,,,,170.978,,,,,,,,,,,,,,276.1667,,,,,,,,,,,,,,,,,,,,,,,,,,,,,,,,,,,,,,,,,,,,,,,,,,,,,,,,,,,,,,,,
belveth,,,,,,,,,,,,,,,,,,,,,,,,,,,,,,,,,,,,,,,,,,,,,,,,,,,,,,,,,,,,,,,,,,,,,,,,,,,,836.0462,,,,598.4171,,,,,,,,,,761.6113,,,,,,,,,,643.011,,,,,,,,,,,,,,,,,,,,,,,,,,,,,,,,,,,,,,,,,,,,,,,,,,,,,,,,,775.5518,,,,,,
blitzcrank,,,,,,,,,,,,,,,,,,,,,,,,,,,,,,,,,,,,,,,,,,,,,,,,,,,,,,,,,,,,,,,,,,,,,,,,,,,,,,,,,,,,,,,,,,,,,,,,,,,,,,,,,,,,,,,,,,,,,,,,,,,,,,,,,,,,,,,,,,,,,,,,,,,,,,,,,,,,,,,,,,,
brand,,,,,,,,,,,,,,,,,,,,,,,,,,,,,,,,,,,,,,,,,,,,,,,,,,,,,,,,,,,,,,,,,,,,,,,,683.6396,,,,,,641.2447,,,,,645.3188,,,,,,,,,,,,,,,,,,,,,,,,,,,,,,,,,,,,,,,671.9371,,,,,,,,,652.2489,,,,,,,,,,,,,,,,,,,,,,,,,,,,,,,,
braum,,,,,,,,,,,,,,,,,,,,,,,,,,,,,,,,,,,,,,,,,,,,,,,,,,,,,,,,,,,,,,,,,,,,,,,,,,,,,,,,,,,,,,,,,,,,,,,,,,,,,,,,,,,,,,,,,,,,,,,,,,,,,,,,,,,,,,,,,,,,,,,,,,,,,,,,,,,,,,,,,,,
caitlyn,,,,,,,,,189.4375,206.348,,,,,,,,,,,,,,,,,,,,,,,,,,,,,,,,,,,,,,,,,,,,,,,,,,,,,,,245.2027,,,,,,,,,,,,,,,,,,,,,,,,,,,,,,,,,,,,,,,,,,,,,,,,,,,,,,186.9436,,,,,,,,,,,,,,,,,,,,,272.0395,,,,,,,,,,,,,,,,,,,,,,,
camille,,,,,,,,,,,,,,,,,,,,,,,,,317.944,,,,,,,,,,,,,,,,,,,,,,,,,,,,,,,,,,260.0574,,,,,,,,,,,,,,,,,,,,,,,,,414.6427,,,,,,,,,,,,,,,,,,,,,,,,,,,,,,,555.3502,,440.5644,,,,,,,,,,,,,,,,,,,,,,,,,,,,,,,,,,,,,,,,,,,,,,
cassiopeia,,,,,,,,,,,431.9922,,,,,,,,,,,,,,,,,,,,,,,,,,,,,,,,,,,,,,,,,,,,,,,288.5906,,,,,,,,,,,,250.2256,,,,,,,,,,,,,,,,,,,,,,,,,,,,,,,,,,,,,,,,,,,,,,,,,,,,,,232.8399,,,,,,,,,,,,,,,,,,,,,,,229.6688,,,,,,,,,,,,,,,,
chogath,,,,,,,,,,,,,,,,,,,,,,,,,,,,,,,,,,,,,,,,,,,,,,,,,,,,,,,,,,,203.1528,,,,,,,,,,,,,,,506.8002,,,,,,,,,,212.7354,,,,,,,,,,,,,,,,,,,,,,,,,,,,,,,410.0824,,,,,,,,,,,,,,,,,,,,,,,,,,,,,,,,,,,,,,,,,,,,,,,,
corki,,215.9524,,,,,,489.4272,,,773.6678,,,,,,,,,,,,,,,,,,,,,,,,,,,,,,,,,,,,,,,,,,,,,,,212.0442,,,,,,,,,,,,,,,,,,,,,,,,,,,,,,,,,,,,,,,,,,,,,,,,,,,,,,,,,,,,,,,,,,,,,,,,,,,,,,,,,,,320.3641,,,,,,,,,,,,,,,,,,,,,,
darius,,,,,,,,,,,,,,,,,,,729.302,,,,,,,,,,,,,,,,,,,,,,,,,,,,,,,,,,,,,,,,657.4436,,,,,,,,,,,,,,,,,,,,,,,,,,,,,,,,,,,,742.7845,,,,,,,,,,,,,,,,,,,,1342.9759,,909.3636,,,,,,,,,,,,,,,,,,,,,,,,,,,,,,,,,,,,,,,,,,,,,,
diana,,,,,,,,780.1706,,,767.1612,,,,,,,,,,,,,,,,,,,,,,,,,,,,,,,,,,,,,,,,,,,,,,,,,,,,,,,,,,,,,,,,,780.473,,,,,,,,,,,,,,,,,,,,,,,,865.0436,,,,,,,,,,,,,,,,,,,,,,,,,,,,,,,,,,,,,,,,,,,,,,,,,,,,,,,,,878.0574,,,,,,
drmundo,,,,,,,,,,,,,,,,,,,,,,,,,,,,,,,,,,,,,,,,,,,,,,,,,,,,,,,,,,,,,,,,,,,,,,,,,,570.1159,,,,,,,,,,,,,,,,,,,,,,,,,,,,,,,,,,,,,,,,,634.2471,,,,,,,,,,,,,,,,,,,,,,,213.4633,,,,,,,,,,,,,,,,,,,,,,,,,
draven,,,,,,,,,1070.0995,1139.5273,,,,,,,,,,,,,,,,,,,,,,,,,,,,,,,,,,,,,,,,,1107.9175,,,,,,,,,,,,,,,,,,,,,,,,,,,,,,,,,,,,,,,,,,,,,,,,,,,,,,,,,,,,,,,,,,,,,,,,,,,,,,,,,,,,,,,,,1114.7064,,,,,,,,,,,,,,,,,,,1128.1639,,,,
ekko,,,,,,,,,,,762.8035,,,,,,,,,,,,,,,,,,,,,,,,,,,,,,,,,,,,,,,,,,,,,,,,,,,,,,,,,,,,,,,,,677.7673,,,,,,,,,,,,,,521.4323,,,,,,,,,,928.4181,,,,,,,,,,,,,,,,,,,,,,,,,,,,,,,,,,,,,,,,,,,,,,,,,,,,,,,,,747.0034,,,,,,
elise,,,,,,,,,,,,,,,,,,,,,,,,,,,,,,,,,,,,,,,,,,,,,,,,,,,,,,,,,,,,,,,,,,,,,,,,,,,,354.9278,,,,,,,,,,,,,,282.0909,,,,,238.0148,,,,,,,,,,,,,,,298.658,,,,,,,,,,,,,,,,,,,,,,,,,,,,,,,,,,,,,,,,,,,,,,,274.5277,,,,,,
evelynn,,,,,,,,,,,,,,,,,,,,,,,,,,,,,,,,,,,,,,,,,,,,,,,,,,,,,,,,,,,,,,,,,,,,,,,,,,,,503.4841,,,,,,,,,,,,,,392.8927,,,,,,,,,,799.6864,,,,,,,,,,343.0331,,,,,,,,,,,,,,,,,,,,,,,,,,,,,,,,,,,,,,,,,,,,,,,560.4399,,,,,,
ezreal,,,,,,,,,150.3933,277.9557,,,,,,,,,,,,,,,,,,,,,,,,,,,,,,,,,,,,,,,,,268.7043,,,,,,,,,,,,,,,,,,,,,,,,,,,,,,,,,,,,,,,,,,,,,,,,,,,,,,,,,,,,,,,,,,,,192.4715,,,,,,,,,,,,,,,,,,,,,179.3241,,,,,,,,,,,,,,,,,,,,,,,
fiddlesticks,,,,,,,,,,,,,,,,,,,,,,,,,,,,,,,,,,,,,,,,,,,,,,,,,,,,,,,,,,,,,,,,,,,,,,,,,,,,295.0224,,,,,,,,,,,,,,327.51,,,,,,,,,,489.8856,,,,,,,,,,341.0709,,,,,,,,,,,,,,,,,,,,,,,,,,,,,,,,,,,,,,,,,,,,,,,363.0194,,,,,,
fiora,,,,,,,,,,,,,,,,,,,445.4294,,,,,,583.5013,,,,,,,,,,,,,,,,,,,,,,,,,,,455.9279,,,,,,,,,,,,,,,,,,,,,,,,,,,,,,,,,,,,,,,,,,,,,,,,,,,,,,,,,,,,,,,764.3008,,791.739,,,,,,,,,,,,,,,,,,,,,,,,,,,,,,,,,,,,,,,,,,,,,,
fizz,,,,,,,,611.5453,,,1143.9052,,,,,,,,,,,,,,,,,,,,,,,,,,,,,,,,,,,,,,,,,,,,,,,583.7595,,,,,,,,,,,,,,,,,,,,,,,,,,,,,,,,,,,,,,,,,,,,,,,,,,,,,,,,,,,,,,,,,,,591.2043,,,,,,,,,,,,,,,,620.1735,,,,,,,,,,,,,,,,,,,,,,
galio,,,,,,,,,,,160.4118,,,,,,,,,,,,,,,,,,,,,,,,,,,,,,,,,,,,,,,,,,,,,,,,,,,,,,,,,,,,,,,,,,,,,,,,,,,,,,,,,,,,,,,,,,,,,,,,,,,,,,,,,,,,,,,,,,,,,,,,,,,,,,,,,,,,,,,,,,,,,,,,,,,,,,,,
gangplank,,,,,,,,,,,,,,,,,,,,,,,,,862.9046,,,,,,,,,,,,,,,,,,,,,,,,,,,,,,,,,,,,,,,,,,,,,,,,,,,,,,,,,,,737.914,,,,,,,,,,,704.25,,,,,,,,,,,,,,,,,,,,1574.6052,,1586.3967,,,,,,,,,,,,,,,,,,,,,,,,,,,,,,,,,,,,,,,,,,,,,,
garen,,,,,,,,,,,,,,,,,,,,,,,,,672.8022,,,,,,,,,,,,,,,,,,,,,,,,,,,502.4938,,,,,,,,,,,,,,,,,,,,,,,,,,,,,,,,648.1081,,,,,,,,,,,,,,,,,,,,,,,,,,,,,,,956.3453,,796.5,,,,,,,,,,,,,,,,,,,,,,,,,,,,,,,,,,,,,,,,,,,,,,
gnar,,,,,,,,,,,,,,,,,,,,,355.3821,,,,406.6133,,,,,,,,,,,,,,,,,,,,,,,,,,,312.7384,,,,,,,479.535,,,,,,,,,,,,,,,,,,,,,,,,,,,,,,,,,,,,,,,,,,,,,,,,,,,,,,,,990.259,,,,,,,,,,,,,,,,,,,,,,,,,,,,,,,,,,,,,,,,,,,,,,,,
gragas,,,,,,,,,,,,,,,,,,,,,,,,,,,,,,,,,,,,,,,,,,,,,,,,395.0249,,,,,,,,,,,520.7538,,,,,,,,,,,,,,,554.3002,,,,,,,,,,,,,,,,,,,,,,,,,,594.1617,,,,,,,,,,,,,,,584.7948,,,,,,,,,,,,,,,,,,,,,,,,,,,,,,,,,,,,,,,,,,,,,,,,
graves,,,,,,,,,,,,,,,,,,,,,,,,,,,,,,,,,,,,,,,,,,,,,,,,,,,,,,,,,,,,,,,,,,,,,,,,,,,,694.2998,,,,,,,,,,,,,,538.2392,,,,,,,,,,836.896,,,,,,,,,,604.2892,,,,,,,,,,,,,,,,,,,,,,,,,,,,,,,,,,,,,,,,,,,,,,,712.873,,,,,,
gwen,,,,,,,,,,,,,,,,,,,489.0414,,492.1234,,,,702.2815,,,,,,,,,,,,,,,,,,,,,,,,,,,,,,,,,,,,,,,,,,,,,,,,,640.1285,,,,,,,,,,,,,,,,,,,,,,,,,,,,,,,,,,,,,,,,,1137.7803,,,,,,,,,,,,,,,,,,,,,,,,,,,,,,,,,,,,,,,,,,,,,,,,
hecarim,,,,,,,,,,,,,,,,,,,,,,,,,,,,,,,,,,,,,,,,,,,,,684.0453,,,,,,,,,,,,,,,,,,,,,,,,,,,,,,,567.1713,,,,,,,,,,,,,,,,,,,,,,,,797.8363,,,,,,,,,,602.8253,,,,,,,,,,,,,,,,,,,,,,,,,,,,,,,,,,,,,,,,,,,,,,,658.9774,,,,,,
heimerdinger,,,,,,,,,,,,,,,786.605,,,,,,,,,,,,,,,,,,,,,,,,,,,,,,,,,,,,,,,,,,,,,,,,,,,,,,,,,807.0808,,,,,,,,,,,,,737.3062,,,,,,,,,,,,,,808.0196,,,,,,,,,,,,,,,,,,,,,,,,,,,,,,,,738.0553,,,,,,,,,,,,,,,,,,,,,,,,,,,,,,,,
illaoi,,,,,,,,,,,,,,,,,,,,,,,,,1120.3317,,,,,,,,,,,,,,,,,,,,,,,,,,,,,,,,,,,,,,,,,,,,,,,,,1051.2222,,,,,,,,,,904.3915,,,,,,,,,882.1432,,,,,,,,,,,,,,,,,,,,,,1491.8466,,,,,,,,,,,,,,,,,,,,,,,,,,,,,,,,,,,,,,,,,,,,,,,,
irelia,,,,,,,,,,,1298.7449,,,,,,,,,,,,,,1208.5708,,,,,,,,,,,,,,,,,,,,,,,,,,,,,,,,,,1260.2417,,,,,,,,,,,,,,,,,,,,,,,,,1039.3368,,,,,,,,,,,,,,1164.7967,,,,,,,,,,,,,,,,,,,,,,,,,,,,,,,,,,,,,,,,,,,,,,,,,,,,,,,,,,,,,,,,,
ivern,,,,,,,,,,,,,,,,,,,,,,,,,,,,,,,,,,,,,,,,,,,,,,,,,,,,,,,,,,,,,,,,,,,,,,,,,,,,,,,,,,,,,,,,,,,,,,,,,,,,,,,,,,,,,,,,,,,,,,,,,,,,,,,,,,,,,,,,,,,,,,,,,,,,,,,,,,,,,,,,,,,
janna,,,,,184.9587,,,,,,,,,,,,,,,,,,,,,,,,,,,,,,,,,,,,,,,,,,,,,,,,,,,,,,,,,,,,,,,,,,,,,,,,,,,,,,,,,,,,,,,,,,,,,,,,,,,,,,,,,,,,,,,,,,,,,,,,,,,,,,,,,,,,,,,,,,,,,,,,,,,,,,,,,,,,,,
jarvaniv,,,,,,,,,,,,,,,,,,,,,,,,,,,,,,,,,,,,,,,,,,,,,,,,,,,,,,,,,,,,,,,,,,,,,,,,,,,,440.5101,,,,,,,,,,,,,,397.884,,,,,,,,,,555.9388,,,,,,,,,,396.3126,,,,,,,,,,,,,,,,,,,,,,,,,,,,,,,,,,,,,,,,,,,,,,,508.0023,,,,,,
jax,,,,,,,,,,,,,,,,,,,517.6767,,,,,,,,,,,,,,,,,,,,,,,,,,,,,,,,,,,,,,,,584.7637,,,,,,,,,,,,,,,,,,,,,,,,,353.1006,,,,,,,,,,,,,,,,,,,,,,,,,,,,,,,852.0713,,,,,,,,,,,,,,,,,,,,,,,,,,,,,,,,,357.9729,,,,,,,,,,,,,,,
jayce,,,444.1722,,,,,,,,,,,,,,,,,,,,,,402.1463,,,,,,,,,,,,,,,,,,,,,,,,,,,,,,,,,,678.2724,,,,,,,,,,,,,,,,,,,,,,,,,,,,,,,,,,,,,,,,,,,,,,,,,,,,,,,,1243.2187,,1109.9721,,,,,,,,,,,,,,,,,,,,,,,,,,,,,,,,,,,,,,,,,,,,,,
jhin,,,,,,,,,,188.902,,,,,,,,,,,,,,,,,,,,,,,,,,,,,,,,,,,,,,,,,153.458,,,,,,,,,,,,,,,,,,,,,,,,,,,,,,,,,,,,,,,,,,,,,,,,,,,,,,,,,,,,,,,,,,,,,,,,,,,,,,,,,,,,,,,,,165.0774,,,,,,,,,,,,,,,,,,,,,,,
jinx,,,,,,,,,,,,,,,,,,,,,,,,,,,,,,,,,,,,,,,,,,,,,,,,,,,,,,,,,,,,,,,,,,,,,,,,,,,,,,,,,,,,,,,,,,,,,,,,,,,,,,,,,,,,,,,,,,,,,,,,,,,,,,,,,,,,,,,,,,,,,,,,,,,,,,,,,,,,,,,,,,,
ksante,,,,,,,,,,,,,,,,,,,173.8632,,193.0763,,,,,,,,,,,,,,,,,,,,,,,,,,,,,,,,,,,,,,,,,,,,,,,,,,,,,339.5053,,,,,,,,,,,,,,,,,,,,,,,,,,,,,,,,,,,,,,,,,596.5836,,173.5965,,,,,,,,,,,,,,,,,,,,,,,,,,,,,,,,,,,,,,,,,,,,,,
kaisa,,,,,,,,,,254.8018,,,,,,,,,,,,,,,,,,,,,,,,,,,,,,,,,,,,,,,,,,,,,,,,,,,,,,,,,,,,,,,,,,,,,,,,,,,,,,,,,,,,,,,,,,,,,,,,,,,,,,,,,,,,,276.6118,,,,,,,,,,,,,,,,,,,,,175.1076,,,,,,,,,,,,,,,,,,,,,,,
kalista,,,,,,,,,580.9572,502.8448,,,,,,,,,,,,,,,,,,,,,,,,,,,,,,,,,,,,,,,,,425.8761,,,,,,,,,,,,,,,,,,,,,,,,,,,,458.6341,,,,,,,,,,,,,,,,,,,,,,,,,,,,,,,,,,,,,,,,,,,,,,,,,,,,,,,,,,,,,,,,,,,,,,,,,,,,,,,,647.0831,,,,
karma,,,,,472.6956,,,,,,,,,,,,445.4588,,,,,,,,,,,,,,,,,,,,,,,,,,,,,,,,,,,,,,,,,,,,,,,,,,,367.8812,,,,,,,,,,380.7089,,,,,,,,,,,,,,,,,,,,,,,,,,,,,,,,,,,,,,,,,,,,,,,,,,,404.3857,,,,,,,,,,,,,,,,,,,,,,,,,,,,,,,,,,
karthus,,,,,,626.022,,,,,,,,,,,,,,,,,,,,,,,,,,,,,,,,,,,,,,,,,,,,,,,,,,,,,,,,,,,,,,,,,,,,,,1173.207,,,,770.243,,,,,,,,,,,,,,,,,,,,,,,,,,,,,,,,,,,,,,,,,,,,,,,,,,,,,,,,,,,,,,,,737.8864,,,,,,,,,,,,,1121.7833,,,,,,
kassadin,,,,,,,,,,,,,,,,,,,,,,,,,,,,,,,,,,,,,,,,,,,,,,,,,,,,,,,,,,,,,,,,,,,,,,,,,,,,,,,,,,,,,,,,,,,,,,,,,,,,,,,,,,,,,,,,,,,,,,,,,,,,,,,,,,,,,,,,,,,,,,,,,,,,,,,,,,,,,,,,,,,
katarina,,,,,,,,,,,586.4102,,,,,,,,,,,,,,,,,,,,,,,,,,,,,,,,,,,,,,,,,,,,,,,,,,,,,,,,,,,,,,,,,,,,,,,,,,,,,,,,,,,,,,,,,,,,,,,,,170.175,,,,,,,,,,,,,,,,,,,293.9563,,,,,,,,,,,,,,356.5143,,,,,,,,,,,,,,,,,,,,,,
kayle,,,,,,,,,,,,,,,,,,,,,,,,,193.4429,,,,,,,,,,,218.2309,,,,,,,,,,,,,,,,238.5552,,,,,,,,,,,,,,,,,,,,,,,,,,,,,,,,,,,,,,,,,,,,,,,,,,,,,,,,,,,,,,,780.979,,628.1862,,,,,,,,,,,,,,,,,,,,,,,,,,,,,,,,,,,,,,,,,,,,,,
kayn,,,,,,,,,,,,,,,,,,,,,,,,,,,,,,,,,,,,,,,,,,,,,474.1,,,,,,,,,,,,,,,,,,,,,,,,,,,,,,,414.2013,,,,,,,,,,,,,,337.3748,,,,,,,,,,621.4872,,,,,,,,,,,,,,,,,,,,,,,,,,,,,,,,,,,,,,,,,,,,,,,,,,,,,,,,,496.6309,,,,,,
kennen,,,,,,,,,,,,,,,,,,,444.4775,,,,,,,,,,,,,,,,,,,,,,,,,,,,,498.4731,,,,478.4132,,,,,,,364.1018,,,,,,,,,,,,,,,,,,,,,,,,,,,,,,,,,,,,,,,,,,,,,,,,,,,,,,,,1036.1074,,,,,,,,,,,,,,,,,,,,,,,,,,,,,,,,,,,,,,,,,,,,,,,,
khazix,,,,,,,,,,,,,,,,,,,,,,,,,,,,,,,,,,,,,,,,,,,,,882.0295,,,,,,,,,,,,,,,,,,,,,,,,,,,,,,,790.3549,,,,,,,,,,,,,,,,,,,,,,,,1000.0801,,,,,,,,,,,,,,,,,,,,,,,,,,,819.8381,,,,,,,,,,,,,,,,,,,,,,,,,,,,,,783.8701,,,,,,
kindred,,,,,,,,,,,,,,,,,,,,,,,,,,,,,,,,,,,,,,,,,,,,,,,,,,,,,,,,,,,,,,,,,,,,,,,,,,,,860.421,,,,,,,,,,,,,,656.519,,,,,671.499,,,,,821.9698,,,,,,,,,,,,,,,,,,,,,,,,,,,,,,,,,,,,,,,,,,,,,,,,,,,,,,,,,727.8027,,,,,,
kled,,,,,,,,,,,,,,,,,,,691.0782,,,,,,,,,,,,,,,,,,,,,,,,,,,,,,,,,,,,,,,,852.7945,,,,,,,,,,,,,,,820.1005,,,,,,,,,,869.4089,,,,,,,,,,,,,,,,,,,,,,,,,,,,,,,1257.3977,,,,,,,,,,,,,,,,,,,,,,,,,,,,,,,,,,,,,,,,,,,,,,,,
kogmaw,,,,,,,,,,205.9153,,,,,,,,,,,,,,,,,,,,,,,,,,,,,,,,,,,,,,,,,,,,,,,,,,,,,,,,,,,,,,,,,,,,,,,,,,,,,,,,,,,,,,,,,,,,,,,,,,,,,,,,,,,,,,,,,,,,,,,,,,,,,,,,,,171.0495,,,,,,,,,,,,,,,,,,,,,,,
leblanc,,,467.0578,,,,,,,,731.1349,,,,,,,,,,,,,,,,,,,,,,,574.0749,,,,,,,,,,,,,,,,,,,,,,,,479.1584,,,,,,,,,,,,,,,,,,,,,,,,,,,,,,,,,,,,,,,,,,,,,,,,,,,,,,,,,,,,,,,,,,,,,,,,,,,,,,,,,,,413.5084,,,,,,,,,,,,,,,,,,,,,,
leesin,,,,,,,,,,,,,,,,,,,,,,,,,,,,,,,,,,,,,,,,,,,,,636.8907,,,,,,,,,,,,,,,,,,,,,,,,,,,,,,,582.7516,,,,,,,,,,,,,,399.5613,,,,,,,,,,726.5132,,,,,,,,,,,,,,,,,,,,,,,,,,,,,,,,,,,,,,,,,,,,,,,,,,,,,,,,,511.6204,,,,,,
leona,,,,,,,,,,,,,,,,,,,,,,,,,,,,,,,,,,,,,,,,,,,,,,,,,,,,,,,,,,,,,,,,,,,,,,,,,,,,,,,,,,,,,,,,,,,,,,,,,,,,,,,,,,,,,,,,,,,,,,,,,,,,,,,,,,,,,,,,,,,,,,,,,,,,,,,,,,,,,,,,,,,
lillia,,,,,,,,,,,,,,,,,,,,,,,,,,,,,,,,,,,,,,,,,,,,,,,,,,,,,,,,,,,,,,,,,,,,,,,,,,,,602.8842,,,,,,,,,,,,,,,,,,,388.4286,,,,,886.3834,,,,,,,,,,496.3625,,,,,,,,,,,,,,,,,,,,,,,,,,,,,,,,,,,,,,,,,,,,,,,633.158,,,,,,
lissandra,,,235.3991,,,,,,,,384.3466,,,,,,,,,,,,,,,,,,,,,,,,,,,,,,,,,,,,,,,,,,,,,,222.1283,215.7171,,,,,,,,,,,,,,,,,,,,,,,,,,,,,,,,,,,,,,,,,,,,,,,,,,,,,,,,,,,,,,,,,,,,,,,,,,,,,,,,,,,207.8416,,,,,,,,,,,,,,,,,,,,,,
lucian,,,,,,,,,363.2386,,,,,,,,,,,,,,,,,,,,,,,,,,,,,,,,,,,,,,,,,,372.4058,,,,,338.8838,,,,,,,,,,,,,,,,,,,,,,,,,,,,,,,,,,,,,,,,,,,,,,,,,,,,,,,,,,,,,,,508.8326,,,,,,,,,,,,,,,,,,,,,511.9533,,,,,,,,,,,,,,,,,,,,,,,
lulu,,,,,224.6007,,,,,,,,,,,,181.898,,,,,,,,,,,,,,,,,,,,,,,,,,,,,,,,,,,,,,,,,,,,,,,,,,,,,,,,,,,,,,,,,,,,,,,,,,,,,,,,,,,,,,,,,,,,,,,,,,,,,,,,,,,,,,,,,,,,,,,,,,,,,,,,,,,,,,,,,,,,,,,,,,
lux,,,,,,,,,,,,,,,,,703.5471,,,,,,,,,,,,,,,,,,,,,,,,,,,,,592.4426,,,,,,,,,,,,,,,,,,,,,,,,,,,,,,,,,,,,,,,,,,,,,,,,,,,,,591.7598,,,,660.266,,,,,,,,,,,,,,,,,,,,,,,,,,622.1648,,,,,,,,,,,,,,,,,,,,,,,,,,,,,,,,,,
malphite,,,,,,,,,,,,,,,,,,,,,,,,,,,,,,,,,,,,,,,,,,,,,,,,,,,,,,,,,,,323.2389,,,,,,,,,,,,,,,,,,,,,,,,,,,,,,,,,,,,,,,513.8936,,,,,,,,,,,,,,,,,,,,,,,,,,,,,,,,,,,,,,,,,,,,,,,,,,,,,,,,,,,,,,,,,
malzahar,,,295.0921,,,,,255.8652,,,325.6273,,,,,,,,,,,,,,,,,,,,,,,,,,,,,,,,,,,,,,,,,,,,,,,,,,,,,,,,,,,,,,,,,,,,,,,,,,,,,,,,,,,,,,,,,,,,,,,,,,,,,,,,,,,,,,,,,,,,,,,,,,,,,,,,,,234.7876,,,,,,280.9189,,,,,,,,,,,,,,,,
maokai,,,,,,,,,,,,,,,,,,,,,,,,,,,,,,,,,,,,,,,,,,,,,,,,,,,,,,,,,,,,,,,,,,,,,,,,,,,,,,,,,,,,,,,,,,,,,,,,,,,,298.4019,,,,,,,,,,,,,,,,,,,,,,,,,,,,,,,,,,,,,,,,,,,,,,,,,,,,,,,,,,,,,,,
masteryi,,,,,,,,,,,,,,,,,,,,,,,,,,,,,,,,,,,,,,,,,,,,,795.2029,,,,,,,,,,,,,,,,,,,,,,,,,,,,,,,745.2982,,,,,,,,,,,,,,718.8293,,,,,,,,,,863.4437,,,,,,,,,,,,,,,,,,,,,,,,,,,,,,,,,,,,,,,,,,,,,,,,,,,,,,,,,717.7219,,,,,,
milio,,,,,,,,,,,,,,,,,,,,,,,,,,,,,,,,,,,,,,,,,,,,,,,,,,,,,,,,,,,,,,,,,,,,,,,,,,,,,,,,,,,,,,,,,,,,,,,,,,,,,,,,,,,,,,,,,,,,,,,,,,,,,,,,,,,,,,,,,,,,,,,,,,,,,,,,,,,,,,,,,,,
missfortune,,,,,,,,,240.4632,273.9225,,,,,,,,,,,,,,,,,,,,,,,,,,,,,,,,,,,,,,,,,,,,,,,,,,,,,,,,,,,,,,,,,,,,,,,,,,,,,,,,,,,,,,,,,,,,,,,,,,,,,,,,,,,,,,,,,,,,,,,,,,,,,,,,,,224.1984,,,,,,,,,,,,,,,,,,,,,,,
monkeyking,,,,,,,,,,,,,,,,,,,,,,,,,,,,,,,,,,,,,,,,,,,,,,,,,,,,,,,,,,,,,,,,,,,,,,,,,,,,,,,,,,,,,,,,,,,,,,,,,,,,456.9664,,,,,,,,,,201.9029,,,,,,,,,,,,,,,,,,,,,,,,,,,,,,,,,,,,,,,,,,,,,,,256.1844,,,,,,
mordekaiser,,,,,,,,,,,,,,,,,,,576.2135,,651.0613,,,,,,,,,,,,,,,,,,,,,,,,,,,,,,,,,,,,,,,,,,,,,,,,,,,,,915.7053,,,,,,,,,,633.9851,,,,,,,,,,,,,,,,,,,,,,,,,,,,,,,1108.3436,,,,,,,,,,,,,,,,,,,,,,,,,,,,,,,,,,,,,,,,,,,,,,,,
morgana,,,,,539.2389,,,,,,,,,,392.6278,,534.9244,,,,,,,,,,,,,,,,,,,,,,,,,,,,,,,,,,,,,,,,,,,,,,,,,,,425.1701,,,,,,,,,,,,,,,,,,,,,,,,,,,,,,,373.2723,,,,,,,,,,,,,,,,,,,,,,,,,,,,,,,,,,,,,,,,,,,,,,,,,,,,,,,,,,,,,,,,
nami,,,,,,,,,,,,,,,,,,,,,,,,,,,,,,,,,,,,,,,,,,,,,,,,,,,,,,,,,,,,,,,,,,,,,,,,,,,,,,,,,,,,,,,,,,,,,,,,,,,,,,,,,,,,,,,,,,,,,,,,,,,,,,,,,,,,,,,,,,,,,,,,,,,,,,,,,,,,,,,,,,,
nasus,,,,,,,,,,,,,,,,,,,,,,,,,,,,,,,,,,,,,,,,,,,,,,,,,,,,,,,,,,,172.2757,,,,,,,,,,,,,,,,,,,,,,,,,,,,,,,,,,,,,,,,,,,,,,,,,,,,,,,,350.5819,,,,,,,,,,,,,,,,,,,,,,,,,,,,,,,,,,,,,,,,,,,,,,,,
nautilus,,,,,,,,,,,,,,,,,,,,,,,,,,,,,,,,,,,,,,,,,,,,,,,,,,,,,,,,,,,,,,,,,,,,,,,,,,,,,,,,,,,,,,,,,,,,,,,,,,,,,,,,,,,,,,,,,,,,,,,,,,,,,,,,,,,,,,,,,,,,,,,,,,,,,,,,,,,,,,,,,,,
neeko,,,,,811.808,,,,,,,,,,794.9336,,,,,,,,,,,,,,,,,,,,,,,,,,,,,,,,,,,,,,,,,,,,,,,,,,,,,742.7388,,,,,,,,,,,,,,,,,,,,,,,,,,,,,,,705.3365,,,,,,,,,,,,,,,,,,,,,,,,,,,,,,,,695.2312,,,,,,,,,,,,,,,,,,,,,,,,,,,,,,,,
nidalee,,,,,,,,,,,,,,,,,,,,,,,,,,,,,,,,,,,,,,,,,,,,,,,,,,,,,,,,,,,,,,,,,,,,,,,,,,,,879.572,,,,775.5959,,,,,,,,,,761.4823,,,,,,,,,,1117.8439,,,,,,,,,,,,,,,,,,,,,,,,,,,,,,,,,,,,,,,,,,,,,,,,,,,,,,,,,732.2131,,,,,,
nilah,,,,,,,,,429.3867,490.451,,,,,,,,,,,,,,,,,,,,,,,,,,,,,,,,,,,,,,,,,,,,,,,,,,,,,,,,,,,,,,,,,,,,,,,,,,,,,,,,,,,,,,,,,,,,,,,,,,,247.6748,,,,,,,,,,,,,,,,,,,,,,,,,,,256.676,,,,227.9566,,,,,,,,,,,,,,,,,,,,,,,
nocturne,,,,,,,,,,,,,,,,,,,,,,,,,,,,,,,,,,,,,,,,,,,,,,,,,,,,,,,,,,,,,,,,,,,,,,,,,,,,663.7815,,,,,,,,,,,,,,509.5785,,,,,503.8885,,,,,714.9247,,,,,,,,,,,,,,,,,,,,,,,,,,,,,,,,,,,,,,,,,,,,,,,,,,,,,,,,,587.0088,,,,,,
nunu,,,,,,,,,,,,,,,,,,,,,,,,,,,,,,,,,,,,,,,,,,,,,,,,,,,,,,,,,,,,,,,,,,,,,,,,,,,,,,,,,,,,,,,,,,,,,,,,,,,,,,,,,,,,,,,,,,,,,,,,,,,,,,,,,,,,,,,,,,,,,,,,,,,,,,,,,,,,,,,,,,,
olaf,,,,,,,,,,,,,,,,,,,,,723.0212,,,,1098.1013,,,,,,,,,,,,,,,,,,,,,,,,,,,,,,,,,,744.3946,,,,,,,,,,,,,,,,,,,,,,,,,1009.9737,,,,,,,,,,,,,,,,,,,,,,,,,,,,,,,1187.0862,,,,,,,,,,,,,,,,,,,,,,,,,,,,,,,,,,,,,,,,,,,,,,,,
orianna,,,157.9485,,,,,230.5298,,,263.0398,,,,,,,,,,,,,,,,,,,,,,,,,,,,,,,,,,,,,,,,,,,,,,,,,,,,,,,,,,,,,,,,,,,,,,,,,,,,,,,,,,,,,,,,,,,,,,,,,,,,,,,,,,,,,,,,,213.9815,,,,,,,,,,,,,,,,,,,,,,,286.8617,,,,,,,,,,,,,,,,
ornn,,,,,,,,,,,,,,,,,,,,,212.4663,,,,,,,,,,,,,,,,,,,,,,,,,,,,,,,,,,,,,,,,,,,,,,,,,,,,,667.5719,,,,,,,,,,296.5509,,,,,,,,,,,,,,,,,,,,,,,,,,,,,,,505.7303,,371.0425,,,,,,,,,,,,,,,,,,,,,,,,,,,,,,,,,,,,,,,,,,,,,,
pantheon,,,,,,,,,,,758.7671,,,,,,,,,,,,,,,,,,,,,,,,,,,,,,,,,,,,,,,,,,,,,,,562.6126,661.2,,,,,,,,,,,,,,,,,,,,,,,,,,,,,,,,,,,,,,,,,,,,,,,,,,,,,,,,1080.0549,,,,,,,,,567.6761,,,,,,,,,,,,,,,,,,,,,,,,,,,,,,,,,,,,,,,
poppy,,,,,,,,,,,,,,,,,,,,,,,,,,,,,,,,,,,,,,,,,,,,,,,,267.7143,,,,338.5604,,,,,,,,,,,,,,,,,,,,,,,,,,,,,,,,322.224,,,,,,,,,371.5115,,,,,,,,,,,,,,,,,,,,,,714.1815,,,,,,,,,,,,,,,,,,,,,,,,,,,,,,,,,,,,,,,,,,,,,,,,
pyke,,,,,,,,,,,,,,,,,506.1329,,,,,,,,,,,,,,,,,,,,,,,,,,,,,,,,,,,,,,,,,,,,,,,,,,,544.6301,,,,,,,,,,,,,,,,,,,,,,,,,,,,,,,,,,505.2735,,,,,,,,,,,,,,,,,,,,,,,,,,,532.4314,,,,,,,,,,,,,,,,,,,,,,,,,,,589.8254,,,,,,,
qiyana,,,421.4665,,,,,505.2865,,,978.5292,,,,,,,,,,,,,,,,,,,,,,,,,,,,,,,,,,,,,,,,,,,,,,,475.83,,,,,,,,,,,,,,,,,,,,,,,,,,,,,,,,,,,,,,,,,,,,,,,,,,,,,,,,,,,,,,,,,,,,,,,,,,,,,,,,,,,428.2217,,,,,,,,,,,,,,,,,,,,,,
quinn,,,,,,,,,,,,,,,,,,,,,,,,,,,,,,,,,,,,387.0039,,,,,,,,,,,,303.7033,,,,,,,,,,,222.1376,,,,,,,,,,,,,,,,,,,,,,,,,,,,,,,,,,,,,,,,,,,,,,,,,,,,,,,,689.1281,,,,,,,,,,,,,,,,,,,,,,,,,,,,,,,,,,,,,,,,,,,,,,,,
rakan,,,,,,,,,,,,,,,,,,,,,,,,,,,,,,,,,,,,,,,,,,,,,,,,,,,,,,,,,,,,,,,,,,,,,,,,,,,,,,,,,,,,,,,,,,,,,,,,,,,,,,,,,,,,,,,,,,,,,,,,,,,,,,,,,,,,,,,,,,,,,,,,,,,,,,,,,,,,,,,,,,,
rammus,,,,,,,,,,,,,,,,,,,,,,,,,,,,,,,,,,,,,,,,,,,,,,,,,,,,,,,,,,,,,,,,,,,,,,,,,,,,,,,,,,,,,,,,,,,,,,,,,,,,,,,,,,,,,,,,,,,,,,,,,,,,,,,,,,,,,,,,,,,,,,,,,,,,,,,,,,,,,,,,,,,
reksai,,,,,,,,,,,,,,,,,,,,,,,,,,,,,,,,,,,,,,,,,,,,,,,,,,,,,,,,,,,,343.1627,,,,,,,,,,,,,,,,,,,,,,,,,,,,,,,,,,,,,,,,,,,,,,,,,,,,,,,,,,,,,,,,,,,,,,,,,,,,,,,,,,,,,,,,,,,,,,,,,,,,,,,
rell,,,,,,,,,,,,,,,,,,,,,,,,,,,,,,,,,,,,,,,,,,,,,,,,,,,,,,,,,,,,,,,,,,,,,,,,,,,,,,,,,,,,,,,,,,,,,,,,,,,,,,,,,,,,,,,,,,,,,,,,,,,,,,,,,,,,,,,,,,,,,,,,,,,,,,,,,,,,,,,,,,,
renata,,,,,,,,,,,,,,,,,,,,,,,,,,,,,,,,,,,,,,,,,,,,,,,,,,,,,,,,,,,,,,,,,,,,,,,,,,,,,,,,,,,,,,,,,,,,,,,,,,,,,,,,,,,,,,,,,,,,,,,,,,,,,,,,,,,,,,,,,,,,,,,,,,,,,,,,,,,,,,,,,,,
renekton,,,,,,,,,,,,,,,,,,,,,,,,,,,,,,,,,,,,,,,,,,,,,,,,,,,,767.7402,,,,,,,700.2513,,,,,,,,,,,,,,,,,,,,,,,,,832.5071,,,,,,,,,,,,,,,,,,,,,,753.3959,,,,,,,,,1182.9865,,,,,,,,,,,,,,,,,,,,,,,,,,,,,,,,,,,,,,,,,,,,,,,,
rengar,,,,,,,,,,,,,,,,,,,,,,,,,,,,,,,,,,,,,,,,,,,,,,,,,,,,,,,,,,,,,,,,,,,,,,,,,,,,711.7675,,,,,,,,,,,,,,571.3136,,,,,,,,,,772.8785,,,,,,,,,,,,,,,,,,,,,,,,,,,,,,,,,,,,,,,,,,,,544.4777,,,,,,,,,,,,,781.4412,,,,,,
riven,,,,,,,,,,,,,,,,,,,,,,,,,590.0664,,,,,,,,,,,,,,,,,,,,,,,,,,,,,,,,,,419.0022,,,,,,,,,,,,,,,,,,,,,,,,,537.0107,,,,,,,,,,,,,,,,,,,,,,,,,,,,,,,1062.1039,,586.6429,,,,,,,,,,,,,,,,,,,,,,,,,,,,,,,,,,,,,,,,,,,,,,
rumble,,,,,,,,486.2196,,,,,,,,,,,,,,,,,,,,,,,,391.3951,,,,,,,,,,,,,,,,,,,,,,,,,,,767.7069,,,,,,,,,,,,,,,879.0152,,,,,,,,,,,,,,,,,,,440.7311,,,,,,,,,,,,,,,,,,,,,,,,,,,,,,,,,,,,,,,,,,,,,,,,,,,,,,,,,,,,,,,,,,,,,,
ryze,,,,,,,,,,,,,,,,,,,,,,,,,,,,,,,,,,,,,,,,,,,,,,,,,,,,,,,,,,,,,,,,,,,,,,,,,,,,,,,,,,,,,,,,,,,,,,,,,,,,,,,,,,,,,,,,,,,,,,,,,,,,,,,,,,,,,,,,,,,,,,,,,,,,,,,,,,,,,,,,,,,
samira,,,,,,,,,612.8681,,,,,,,,,,,,,,,,,,,,,,,,,,,,,,,,,,,,,,,,,416.1254,470.6238,,,,,,,,,,,,,,,,,,,,,,,,,,,,,,,,,,,,,,,,,,,,,,,,,,,,,,,,,,,,,,,,,,,,524.8791,,,,,,,,,,,,,,,,,,,,,482.4721,,,,,,,,,,,,,,,,,,,,,,,
sejuani,,,,,,,,,,,,,,,,,,,,,,,,,,,,,,,,,,,,,,,,,,,,,,,,,,,,,,,,,,,,,,,,,,,,,,,,,,,,,,,,,,,,,,,,,,,,,,,,,,,,208.0888,,,,,,,,,,,,,,,,,,,,,,,,,,,,,,,,,,,,,,,,,,,,,,,,,,,,,,,,,,,,,,,
senna,,,,,781.6353,,,,,,,,,,,,888.0355,,,,,,,,,,,,,,,,,,,,,,,,,,,,,,,,,,,,,,,,,,,,,,,,,,,,,,,797.5027,,,,,,878.4481,,,,,,,,,,,,,,,,,,,,,798.8373,,,,,,,,,,,,,,,,,,,,,,,,,,,,,,,,,,,,,,,,,,,,,,,,,,,,,,,,,,,,,,,,
seraphine,,,,,370.3088,,,,,,,,,,,,373.9132,,,,,,,,,,,,,,,,,,,,,,,,,,,,,347.0419,,,,,,,,,,,,,,,,,,,,,,,,,,,,,,,,348.6581,,,,,,,,,,,,,,,,,,,,,345.2839,,,,,,,,,,,,,,,,,,,,,,,,,,,,,,,,,,,,,,,,,,,,,,,,,,,,,,,,,,,,,,,,
sett,,,,,,,,,,,,,,,,,,,,,,,,,766.4246,,,,,,,577.0981,,,,,,,,,,,,,,,,,,,,,,,,,,,,,,,,,,,,,,,,,,,,,,,,,,,,700.205,,,,,,,,,,,,,,,,,,,,,,,,,,,,,,,1204.2081,,617.6009,,,,,,,,,,,,,,,,,,,,,,,,,,,,,,,,,,,,,,,,,,,,,,
shaco,,,,,,,,,,,,,,,,,,,,,,,,,,,,,,,,,,,,,,,,,,,,,,,,,,,,,,,,,,,,,,,,,,,,,,,,,,,,567.9574,,,,,,,,,,,,,,,,,,,359.3311,,,,,670.5735,,,,,,,,,,504.9403,,,,,,,,,,,,,,,,,,,,,,,,,,,,,,,,,,,,,,,,,,,,,,,543.4544,,,,,,
shen,,,,,,,,,,,,,,,,,,,,,,,,,,,,,,,,,,,,,,,,,,,,,,,,,,,,,,,,,,,,,,,,,,,,,,,,,,,,,,,,,,,,,,,,,,,,,,,,,,,,,,,,,,,,,,,,,,,,,,,,,,,,,,,,,,,,,,,,,,,,,,,,,,,,,,,,,,,,,,,,,,,
shyvana,,,,,,,,,,,,,,,,,,,,,,,,,,,,,,,,,,,,,,,,,,,,,,,,,,,,,,,,,,,,,,,,,,,,,,,,,,,,,,,,,,,,,,,,,,,,,,,,,,,,,,,,,,,,,,,,,,,,,,,,,,,,,,,,,,,,,,,,,,,,,,,,279.4167,,,,,,,,,,,,,,,,,,,
singed,,,,,,,,,,,,,,,,,,,,,,,,,,,,,,,,,,,,,,,,,,,,,,,,,,,,,,,,,,,,,,,,,,,,,,,,,,,,,,,,,,,,,,,,,,,,,,,,,,,,,,,,,,,,,,,,,,,305.8943,,,,,,,,,,,,,,,,,,,,,,,,,,,,,,,,,,,,,,,,,,,,,,,,
sion,,,,,,,,,,,,,,,,,,,,,,,,,,,,,,,,,,,,,,,,,,,,,,,,,,,,,,,,,,,665.1297,,,,,,,,,,,,,,,1060.8692,,,,,,,,,,851.9688,,,,,,,,,,,,,,,,,,,,,,,,,,,,,,,982.708,,682.4948,,,,,,,,,,,,,,,,,,,,,,,,,,,,,,,,,,,,,,,,,,,,,,
sivir,,,,,,,,,,,,,,,,,,,,,,,,,,,,,,,,,,,,,,,,,,,,,,,,,,,,,,,,,,,,,,,,,,,,,,,,,,,,,,,,,,,,,,,,,,,,,,,,,,,,,,,,,,,,,,,,,,,,,,,,,,,,,,,,,,,,,,,,,,,,,,,,,,,,,,,,,,,,,,,,,,,
skarner,,,,,,,,,,,,,,,,,,,,,,,,,,,,,,,,,,,,,,,,,,,,,,,,,,,,,,,,,,,,,,,,,,,,,,,,,,,,,,,,,,,,,,,,,,,,,,,,,,,,,,,,,,,,,,,,,,,,,,,,,,,,,,,,,,,,,,,,,,,,,,,,,,,,,,,,,,,,,,,,,,,
sona,,,,,238.9134,,,,,,,,,,,,249.7359,,,,,,,,,,,,,,,,,,,,,,,,,,,,,165.0343,,,,,,,,,,,,,,,,,,,,,,,,,,,,,,,,202.8513,,,,,,,,,,,,,,,,,,,,,174.8857,,,,,,,,,,,,,,,,,,,,,,,,,,,,,,,,,,,,,,,,,,,,,,,,,,,,,,,,,,,,,,,,
soraka,,,,,,,,,,,,,,,,,205.5559,,,,,,,,,,,,,,,,,,,,,,,,,,,,,,,,,,,,,,,,,,,,,,,,,,,,,,,,,,,,,,,,,,,,,,,,,,,,,,,,,,,,,,,,,,,,,,,,,,,,,,,,,,,,,,,,,,,,,,,,,,,,,,,,,,,,,,,,,,,,,,,,,,
swain,,,,,829.1409,,,,,,,,,,,,722.125,,,,,,,,,,,,,,,,,,,,,,,,,,,,,,,,,,,,,,,,,,,,,,,,,,,674.9947,,,,,,,,,,,,,,,,,724.8592,,,,,,,,,,,,,,671.5138,,,,,,,,,,,,,,,,,,,,,,,,,,,,,,,,,,,,,,,,,,,,,,,,,,,,,,,,,,,,,,,,
sylas,,,,,,,,,,,457.9992,,,,,,,,,,,,,,,,,,,,,,,,,,,,,,,,,,,,,,,,,,,,,,,,,,,,,,,,,,,,,,,,,529.5901,,,,,,,,,,,,,,,,,,,,,,,,628.3988,,,,,,,,,,329.4257,,,,,,,,,,,,,,,,,,,,,,,,,,,,,,,,,,,,,,,,,,,,,,,496.2119,,,,,,
syndra,,,,,,,,420.3203,,,407.2712,,,,,,,,,,,,,,,,,,,,,,,332.1544,,,,,,,,,,,,,,,,,,,,,,,,,,,,,,,,,,,,,,,,,,,,,,,,,,,,,,,,,,318.8436,,,,,,,,,,,,,,,,,,,,,,,,,,,,,,,,,,,,,,,,,,,,,,,,,306.421,,,,,,,,,,,,,,,,,,,,,,
tahmkench,,,,,,,,,,,,,,,191.5694,,,,203.7226,,,,,,,,,,,,,,,,,,,,,,,,,,,,,,,,,,,,,,,,394.9083,,,,,,,,,,,,,,,674.1601,,,,,,,,,,,211.5541,,,,,,,,,,,,,,,,,,,,,,,,,,,,,,,,,,,,,,,,,,,,,,,,,,,,,,,,,,,,,,,,,,,,,,,,,,,,,,
taliyah,,,,,,,,,,,202.9179,,,,,,,,,,,,,,,,,,,,,,,,,,,,,,,,,,,,,,,,,,,,,,,,,,,,,,,,,,,,,,,,,,,,,,,,,,,,,,,,,,,,,,,,,,,,,,,,,,,,,,,,,,,,,,,,,,,,,,,,,,,,,,,,,,,,,,,,,,,,,,,,,,,,,,,,
talon,,,,,,,,,,,766.8177,,,,,,,,,,,,,,,,,,,,,,,,,,,,,,,,,,,,,,,,,,,,,,921.0315,,,,,,,,,,,,,,,,,,,902.8322,,,,,,,,,,,,,,696.2598,,,,,,,,,,,,,,,,,,,,,,,,,,,,,,,,,,,,,,,,,,,,,,,,,,,,,,,,,,,,,,,,,,,988.9414,,,,,,
taric,,,,,,,,,,,,,,,,,,,,,,,,,,,,,,,,,,,,,,,,,,,,,,,,,,,,,,,,,,,,,,,,,,,,,,,,,,,,,,,,,,,,,,,,,,,,,,,,,,,,,,,,,,,,,,,,,,,,,,,,,,,,,,,,,,,,,,,,,,,,,,,,,,,,,,,,,,,,,,,,,,,
teemo,,,,,,,,,,,,,,,,,,,786.522,,,,,,703.6842,,,,,,,,,,,481.7807,,,,,,,,,,,,,,,,,,,,,,,700.5712,,,,,,,,,,,,,,,,,,,,,,,,,,,,,,,,,,,,,,,,,,,,,,,,,,,,,,,,1014.5485,,,,,,,,,,,,,,,,,,,,,,,,,,,,,,,,,,,,,,,,,,,,,,,,
thresh,,,,,,,,,,,,,,,,,,,,,,,,,,,,,,,,,,,,,,,,,,,,,,,,,,,,,,,,,,,,,,,,,,,,,,,,,,,,,,,,,,,,,,,,,,,,,,,,,,,,,,,,,,,,,,,,,,,,,,,,,,,,,,,,,,,,,,,,,,,,,,,,,,,,,,,,,,,,,,,,,,,
tristana,,,,,,,,,,,1167.6217,,,,,,,,,,,,,,,,,,,,,,,,,,,,,,,,,,,,,,,,,,,,,,,1011.0664,,,,,,,,,,,,,,,,,882.5673,,,,,,,,,,,,,,,,,,,,,,,,,,,,,,,,,,,,,,,,,,,,,,,,,768.4323,,,,,,,,,,,,,,,,,824.9258,,,,,,,,,,,,,,,,,,,,,,
trundle,,,,,,161.3231,,,,,,,,,,,,,,,,,,,,,,,,,,,,,,,,,,,,,,,,,166.917,,,,,364.4335,,,,,,,534.1514,,,,,,,,,,,,,,,,,,,,,,,,,,,,,,,,,,,,,,,,,,,,,,,,,,,,,,,,,,,,,,,,,,,,,,,,,,,,,,,,,,,,,268.8661,,,,,,,,,,,,,,,,,,,
tryndamere,,,,,,,,,,,,,,,,,,,,,766.1722,,,,,,,,,,,,,,,,,,,,,,,,,,,,,,,817.3061,,,,,,,1078.7936,,,,,,,,,,,,,,,,,,,,,,,,,,,,,,,,,,,,,,,,,,,,,,,,,,,,,,,,1334.7524,,,,,,,,,,,,,,,,,,,,,,,,,,,,,,,,,,,,,,,,800.9617,,,,,,,,
twistedfate,,,,,,,,305.0571,,,737.2186,,,,,,,,,,,,,,,,,,,,,,,,,,,,,,,,,,,,,,,,,,,,,,,,,,,,,,,,,,,282.1117,,,,,388.9364,,,,,,,,,,,,,,,,,,,,,,,,,,,,,,,,,,,,,,,,,,,,,,,,,,,,,,,,,,,,,,,,,,433.502,,,,,,,,,,,,,,,,,,,,,,
twitch,,,,,,,,,160.8457,238.2619,,,,,,,,,,,,,,,,,,,,,,,,,,,,,,,,,,,,,,,,,241.0774,,,,,,,,,,,,,,,,,,,,,,,,,,,,,,,,,,,,,,,,,,,,,,,,,,,,,,,,,,,,,,,,,,,,366.7009,,,,,,,,,,,,,,,,,,,,,,,,,,,,,,,,,,,,,,,,,,,,
udyr,,,,,,,,,,,,,,,,,,,,,,,,,,,,,,,,,,,,,,,,,,,,,,,,,,,,,,,,,,,,,,,,,,,,,,,,,,,,582.2797,,,,,,,,,,,,,,520.7033,,,,,,,,,,,,,,,,,,,,555.0599,,,,,,,,,,,,,,,,,,,,,,,,,,,,,,,,,,275.1301,,,,,,,,,,,,,523.4151,,,,,,
urgot,,,,,,,,,,,,,,,,,,,,,,,,,,,,,,,,,,,,,181.2863,,,,,,,,,,,,,,,,,,,,,,181.4588,,,,,,,,,,,,,,,223.6407,,,,,,,,,,,,,,,,,,,,,,,,,,,,,,,,314.8258,,,,,,,,,876.5377,,,,,,,,,,,,,,,,,,,,,,,,,,,,,,,,,,,,,,,,,,,,,,,,
varus,,,,,,,,,468.7994,654.0937,,,,,,,,,,,,,,,,,,,,,,,,,,,,,,,,,,,,,,,,,479.6789,,,,,,,,,,,,,,,,,,,,,,,,,,,,,,,,,,,,,,,,,,,,,,,,,,,,,,,,,,,,,,,,,,,,389.3333,,,,,,,,,,,,,,,,,,,,,483.2339,,,,,,,,,,,,,,,,,,,,,,,
vayne,,,,,,,,,,,,,,,,,,,,,,,,,,,,,,,,,,,,,,,,,,,,,,,,,,,,,,,,,,,,,,,,,,,,,,,,,,,,,,,,,,,,,,,,,,,,,,,,,,,,,,,,,,,,,,,,,,,,,,,,,,,,,,,,,,,,,,,,,,,,,,,,,,,,,,,,,,,,,,,,,,,
veigar,,,,,,,,,,,207.5867,,,,,,,,,,,,,,,,,,,,,,,,,,,,,,,,,,,,,,,,,,,,,,,,,,,,,,,,,,,,,,,,,,,,,,,,,,,,,,,,,,,,,,,,,,,,,,,,,,,,,,,,,,,,,,,,,,,,,,,,,,,,,,,,,,,,,,,,,,,,,,,,,,,,,,,,
velkoz,,,,,,,,,,,,,,,,,,,,,,,,,,,,,,,,,,,,,,,,,,,,,,681.7226,,,,,,,,,,,,,,,,,,,,,,,,,,791.7011,,,,,,729.4912,,,,,,,,,,,,,,,,,,,,,680.9426,,,,,,,,,,,,,,,,,,,,,,,667.7557,,,,,,,,,,,,,,,,,,,,,,,,,,,,,,,,,,,,,,,,,
vex,,,335.3107,,,,,,,,525.8452,,,,,,,,,,,,,,,,,,,,,,,,,,,,,,,,,,,,,,,,,,,,,,,240.4531,,,,,,,,222.5703,,,,,,,,,,,,,,,,,,,,,,,,,,,,,,,,,,,,,,,,,,,,,,,,,,,,,,,,,,257.9943,,,,,,,,,,,,,,,,,,,,,,,,,,,,,,,,,,,,,,,
vi,,,,,,,,,,,,,,,,,,,,,,,,,,,,,,,,,,,,,,,,,,,,,,,,,,,,,,,,,,,,,,,,,,,,,,,,,,,,,,,,,,,,,,,,,,,,,,,,,,,,414.2059,,,,,,,,,,,,,,,,,,,,,,,,,,,,,,,,,,,,,,,,,,,,,,,,,,,,,,,,,,,,,,,
viego,,,,,,,,,,,,,,,,,,,,,,,,,,,,,,,,,,,,,,,,,,,,,,,,,,,,,,,,,,,,,,,,,,,,,,,,,,,,444.2729,,,,,,,,,,,,,,493.7505,,,,,,,,,,626.3187,,,,,,,,,,425.6455,,,,,,,,,,,,,,,,,,,,,,,,,,,,,,,,,,,,,,,,,,,,,,,550.4711,,,,,,
viktor,,,,,,,,331.0997,,,394.4095,258.242,,,,,,,,,,,,,,,,,,,,,,,,,,,,,,,,,,,,,,,,,,,,,284.4518,,,,,,,,,,,,,,,,,,,,,,,,,,,,,,,,,,,,,,,,,,,,,,,,,,,,,,,,,,,,,,,,,,308.1799,,,,,,,,,,,,,,,,,,,,,,,,,,,,,,,,,,,,,,,,
vladimir,,,,,,,,,,,,,,,,,,,,,,,,,,,,,,,,,,,,,,,,,,,,,,,,453.7983,,,,376.3922,,,,,,355.4176,427.6194,,,,,,,,,,,,,,,650.3321,,,,,,,,,,,,,,,,,,,,,,,,,,,,,,,,,,,,,,,,,,,,,,,,,,,,,,,,,,,,,,,,,,,,,,,,,,,,,,,,,,,,,,,,,
volibear,,,,,,,,,,,,,,,,,,,638.8362,,,,,,,,,,,,,,,,,,,,,,,,,392.9784,,,,,,,,,,,,,,,,,,,,,,,,,,,,,,776.1744,,,,,,,,,,581.9526,,,,,,,,,,,,,,,,,,,,,,,,,,,,,,,985.4153,,,,,,,,,,,,,,,,,,,,,,,,,,,,,,,,,,,,,,,,,,,,,,,,
warwick,,,,,,,,,,,,,,,,,,,967.8447,,,,,,,,,,,,,840.4835,,,,,,,,824.0935,,,,,,,,,,,,,,,,,,,,,,,,,,,,,,,,,,921.6812,,,,,,,,,,,,,,,,,,,703.4693,,,,,,,,,,,,,,,,,,,,,,,,,,,,,,,,,,,,,,,,,,,,,,,,,,,,,,,,,,,,,,,,,,,,,,
xayah,,,,,,,,,209.4052,,,,,,,,,,,,,,,,,,,,,,,,,,,,,,,,,,,,,,,,,,,,,,,224.9015,,,,,,,,,,,,,,,,,,,,,,,,,,,,,,,,266.8487,,,,,,,,,,,,,,,,,,,,,,,,,,,,,,,252.8385,,,,,,,,,,,,,,,,,,,,,245.3625,,,,,,,,,,,,,,,,,,,,,,,
xerath,,,,,964.6717,,,,,,,,,,,,857.8659,,,,,,,,,,,,,,,,,,,,,,,,,,,,,829.1079,,,,,,,,,,,,,,,,,,,,,,,,,,818.7685,,,,,,826.2154,,,,,,,,,,,,,,,,,,,,,,,,,,,,,,,,,,,,,,,,,,,,,,,,,,,,,,,,,,,,,,,,,,,,,,,,,,,,,,,,,,,,,
xinzhao,,,,,,,,,,,,,,,,,,,,,,,,,,,,,,,,,,,,,,,,,,,,,,,,,,,,,,,,,,,,,,,,,,,,,,,,,,,,508.4421,,,,474.1076,,,,,,,,,,,,,,,,,,,,,,,,,,,,,,,,,,,,,,,,,,,,,,,,,,,,,,,,,,,,,,,,326.5147,,,,,,,,,,,,,,,,,,,
yasuo,,,,,,,,,,,844.2717,,,,,,,,,,,,,,,,,,,,,,,755.6443,,,,,,,,,,,,,,,,,,,,,,,807.7872,,,,,,,,,,,,,,,,,,,,,,,,,,,,,,,,,,,,,,,,,,,,,,,,,,,772.3934,,,,,,,,,,,,,,,,,,,,,,,,,,,,,,,,,702.5539,,,,,,,,,,,,,,,,,,,,,,
yone,,,,,,,,,,,1075.3526,,,,,,,,,,,,,,877.2823,,,,,,,,,,,,,,,,,,,,,,,,,,,,,,,,,,,,,,,,,,,,,,,,,,,,,,,,,,,924.4086,,,,,,,,,,,,,,,,,,,,,,,,,,,,,,,1100.8175,,843.4178,,,,,,,,,,,,,,,,,,,,,,,,,,,,,,,,,,,,,,,,,,,,,,
yorick,,,,,,,,,,,,,,,,,,,,,,,,,754.239,,,,,,,,,,,,,421.8265,,,,,,,,,,,,,,428.2877,,,,,,,,,,,,,,,,,,,,,,618.1388,,,,,,,,,,,,,,,,,,,,,,,,,,,,,,,,,,,,,,,,,908.1375,,,,,,,,,,,,,,,,,,,,,,,,,,,,,,,,,,,,,,,,,,,,,,,,
yuumi,,,,,,,,,,,,,,,,,,,,,,,,,,,,,,,,,,,,,,,,,,,,,,,,,,,,,,,,,,,,,,,,,,,,,,,,,,,,,,,,,,,,,,,,,,,,,,,,,,,,,,,,,,,,,,,,,,,,,,,,,,,,,,,,,,,,,,,,,,,,,,,,,,,,,,,,,,,,,,,,,,,
zac,,,,,,,,,,,,,,,,,,,,,,,,,,,,,,,,,,,,,,,,,,,,,,,,,,,,,,,,,,,,,,,,,,,,,,,,,,,,,,,,,,,,,,,,,,,,,,,,,,,,288.6279,,,,,,,,,,,,,,,,,,,,,,,,,,,,,,,,,,,,,,,,,,,,,,,,,,,,,,,,,,,,,,,
zed,,,,,,,,,,,1017.8294,,,,,,,,,,,,,,,,,,,,,,,612.7139,,,,,,,,,,,,,,,,,,,,,,,831.4808,,,,,,,,,,,,,,,,,,,,,,,,,,,,,,,,,,,,,,,,,,,,,,,,,,,,,,,,,,,,,,,,,,,,,,735.6036,,,,,,,,,,,,,,702.6915,,,,,,,,,,,,,,,,,,,,,,
zeri,,,,,,,,,,326.3018,,,,,,,,,,,,,,,,,,,,,,,,,,,,,,,,,,,,,,,,,,,,,,,,,,,,,,,,,,,,,,,,,,,,,152.8328,,,,,,,,,,,,,,,,,,,,,,,,,,,,,,,,,,,,,,,,331.6577,,,,,,,,,,,,,,,,,,,,,209.865,,,,,,,,,,,,,,,,,,,,,,,
ziggs,,,,,,,,581.9466,,,805.5968,,,,,,,,,,,,,,,,,,,,,,,,,,,,,,,,,,,,,,,,,,,,,,,444.6978,,,,,,,,,,,,,,,,,,,,,,,,,,,,,,,,,,,,,,,,,,,,,,,,,,,,,,,,,,,,,,,,,,,340.8845,,,,,,,,,,,,,,,,417.9841,,,,,,,,,,,,,,,,,,,,,,
zilean,,,,,,,,,,,,,,,,,,,,,,,,,,,,,,,,,,,,,,,,,,,,,,,,,,,,,,,,,,,,,,,,,,,,176.4045,,,,,,,,,,199.2897,,,,,,,,,,,,,,,,,,,,,,,,,,,,,,,,,,,,,,,,,,,,,,,,,,,,,,,,,,,,,,,,,,,,,,,,,,,,,,,,,,,,,
zoe,,,543.1638,,,,,,,,857.7723,,,,,,,,,,,,,,,,,,,,,,,,,,,,,,,,,,,,,,,,,,,,,,,,,,,,,,,,,,,,,,,,,,,,,,,,,,,,,,,,,,,,,,,,,,,,,,,,,,,,,,,,,,,,,,,,,578.4012,,,,,,,,,,,,,,,,,531.026,,,,,,622.5457,,,,,,,,,,,,,,,,
zyra,,,,,,,,,,,,,,,612.7393,,,,,,,,,,,,,,,,,,,,,,,,,,,,,,,699.674,,,,,,,,,,,,,,,,,,,,,,,,,,677.3389,,,,,,663.7112,,,,,632.1096,,,,,,,,,,,,,,,,,,,,,,,,,,,,,,,,,,,,,,,,,,,,,,,,,,,,,,,,,,,,,,,,,,,,,,,,,,,,,,,,
