Strong_against,Aatrox,Ahri,Akali,Akshan,Alistar,Amumu,Anivia,Annie,Aphelios,Ashe,AurelionSol,Azir,Bard,Belveth,Blitzcrank,Brand,Braum,Caitlyn,Camille,Cassiopeia,Chogath,Corki,Darius,Diana,DrMundo,Draven,Ekko,Elise,Evelynn,Ezreal,FiddleSticks,Fiora,Fizz,Galio,Gangplank,Garen,Gnar,Gragas,Graves,Gwen,Hecarim,Heimerdinger,Illaoi,Irelia,Ivern,Janna,JarvanIV,Jax,Jayce,Jhin,Jinx,KSante,Kaisa,Kalista,Karma,Karthus,Kassadin,Katarina,Kayle,Kayn,Kennen,Khazix,Kindred,Kled,KogMaw,Leblanc,LeeSin,Leona,Lillia,Lissandra,Lucian,Lulu,Lux,Malphite,Malzahar,Maokai,MasterYi,Milio,MissFortune,MonkeyKing,Mordekaiser,Morgana,Nami,Nasus,Nautilus,Neeko,Nidalee,Nilah,Nocturne,Nunu,Olaf,Orianna,Ornn,Pantheon,Poppy,Pyke,Qiyana,Quinn,Rakan,Rammus,RekSai,Rell,Renata,Renekton,Rengar,Riven,Rumble,Ryze,Samira,Sejuani,Senna,Seraphine,Sett,Shaco,Shen,Shyvana,Singed,Sion,Sivir,Skarner,Sona,Soraka,Swain,Sylas,Syndra,TahmKench,Taliyah,Talon,Taric,Teemo,Thresh,Tristana,Trundle,Tryndamere,TwistedFate,Twitch,Udyr,Urgot,Varus,Vayne,Veigar,Velkoz,Vex,Vi,Viego,Viktor,Vladimir,Volibear,Warwick,Xayah,Xerath,XinZhao,Yasuo,Yone,Yorick,Yuumi,Zac,Zed,Zeri,Ziggs,Zilean,Zoe,Zyra
Aatrox,,,,,,,,,,,,,,,,,,,,,,,,,1078.2861,,,,,,,,,,,,,,,,,,,,,,,,,,,,,,,,,,797.9558,,,,,,,,,,,,,,,,,,,,,,,,,996.0037,,,,,,,,,,,,,,,,,,,,,,,,,,,,,,,1271.9626,,793.1325,,,,,,,,,,,,,,,,,,,,,,,,,,,,,,,,,,,,,,,,,,,,,,
Ahri,,,,,,,,247.9877,,,602.675,,,,,,,,,,,,,,,,,,,,,,,413.8557,,,,,,,,,,,,,,,,,,,,,,,327.9417,,,,,,,,,,,,,,,,,,,,,,,,,,,,,,,,,,,,,,,,,,,,,,,,,,,,,,,,,,,,,,,,,,323.7019,,,,,,,,,,,,,,,,,,,,,,,,,,,,,,,,,,,,,,,,
Akali,,,,,,,,155.8095,,,307.3157,,,,,,,,,,,,,,,,,,,,,,,,,,,,,,,,,,,,,372.5277,,,,,,,,,166.4556,,,,,,,,,,,,,,,,,431.1684,,,,,,,,,,,,,,,,,,,,,,,,,,,,,,,,,,,,,,,,,,,,,,,,,,,,,,,,,,,,,,,,,,,,,,,,,,,,,,,,,,,,,,,,,
Akshan,,,783.0387,,,,,,,,1101.9137,,,,,,,,,,,,,,,,,,,,,,,,,,,,,,,,,,,,,,,,,,,,,,,721.9254,,,,,,,,,,,,,,,,,,,,,,,,,,,,,,,,,,,,,,,,,,,,,,,,,,,,,,,,,,,,,,,,,,832.9108,,,,,,,,,,,,,,,,,,,,,,,,,,,,,,735.9841,,,,,,,,,
Alistar,,,,,,,,,,,,,,,,,,,,,,,,,,,,,,,,,,,,,,,,,,,,,,,,,,,,,,,,,,,,,,,,,,,,,,,,,,,,,,,,,,,,,,,,,,,,,,,,,,,,,,,,,,,,,,,,,,,,,,,,,,,,,,,,,,,,,,,,,,,,,,,,,,,,,,,,,,,,,,,,,,,
Amumu,,,,,,,,,,,,,,,,,,,,,,,,,,,,,,,,,,,,,,,,,,,,,,,,,,,,,,,,,,,,,,,,,,,,,,,,,,,,,,,,,,,,,,,,,,,,,,,,,,,,,,,,,,,,,,,,,,,,,,,,,,,,,,,,,,,,,,,,,,,,,,,,,,,,,,,,,,,,,,,,,,,
Anivia,,,,,,,,175.6838,,,359.7409,,,,,,,,,,,,,,,,,,,,,,,,,,,,,,,,,,,,,,,,,,,,,,415.6603,,,,,,,,,,,,,,,,,,,,,,,,,,,,,,,,,,,,,,,,,,,,,,,,,,,,,,,,,,,,,,,,,,,,,,,,,,,,,,,,,,,,299.0279,,,,,,189.9732,,,,,,,,,,,,,,,,
Annie,,,,,,,,,,,229.5285,,,,266.4393,,,,,,,,,,,,,,,,,,,,,,,,,,,,,,,,,,,,,,,,,,,,,,,,,,,,,,,,,239.1889,,,,,,285.6242,,,,,,,,,,,,,,,,,,,,,328.8537,,,,,,,,,,,,,,,,,,,,,,,,,,,,,,,,,,,,,,,,,,,,,,,,,,,,,,,,,,,,,,,,
Aphelios,,,,,,,,,,,,,,,,,,,,,,,,,,,,,,,,,,,,,,,,,,,,,,,,,,,,,,,,,,,,,,,,,,,,,,,,,,,,,,,,,,,,,,,,,,,,,,,,,,,,,,,,,,,,,,,,314.1911,,,,,,,,,,,,,,,,,,,,,,,,,,,,,,,,,,,,,,,,,,,,,,,,,,,
Ashe,,,,,,,,,,,,,,,329.3318,,,,,,,,,,,,,,,,,,,,,,,,,,,,,,,354.6142,,,,,,,,,,,,,,,,,,,,,,,,,,329.3685,,,,,,,,,,,,,,,,,,,,,,,,,,,353.4122,,,,,,,,,,,,,,,,,,,,,,,378.0491,,,,,,,,,,,,,,,,,,,,,,,,,,,,,,,,,,,,,,,,,
AurelionSol,,,,,,,,,,,,,,,,,,,,,,,,,,,,,,,,,,,,,,,,,,,,,,,,,,,,,,,,,,,,,,,,,,,,,,,,,,,,,,,,,,,,,,,,,,,,,,,,,,,,,,,,,,,,,,,,,,,,,,,,,,,,,,,,,,,,,,,,,,,,,,,,,,,,,,,,,,,,,,,,,,,
Azir,,,,,,,,,,,225.8785,,,,,,,,,,,,,,,,,,,,,,,,,,,,,,,,,,,,,,,,,,,,,,,,,,,,,,,,,,,,,,,,,,,,,,,,,,,,,,,,,,,,,,,,,,,,,,,,,,,,,,,,,,,,,,,,,,,,,,,,,,,,,,,,,,,,,,,,,,,,,,,,,,,,,,,,
Bard,,,,,,,,,,,,,,,263.834,,,,,,,,,,,,,,,,,,,,,,,,,,,,,,,240.1076,,,,,,,,,,,,,,,,,,,,,,269.1721,,,,,,,,,,254.6787,,,,,,,207.8587,,,,,,,,,,,,,,,,,,,,,,,,,,,,,,,,,,,,,,,,,,,,,,,,,,,,,,,,,,,,,,,,,,,,,,,,,,,,,,
Belveth,,,,,,,,,,,,,,,,,,,,,,,,,,,,,,,,,,,,,,,,,,,,,,,,,,,,,,,,,,,,,,,,,,,,,,,,,,,,,,,,,,,,,,,,,,,,,,,,,,,,,,,,,,,,,,,,,,,,,,,,,,,,,,,,,,,,,,,,,,,,,,,,,,,,,,,,,,,,,,,,,,,
Blitzcrank,,,,,,,,,,,,,,,,,,,,,,,,,,,,,,,,,,,,,,,,,,,,,,,,,,,,,,,,,,,,,,,,,,,,,,,,,,,,,,,,,,,,,,,,,,,,,,,,,,,,,,,,,,,,,,,,,,,,,,,,,,,,,,,,,,,,,,,,,,,,,,,,,,,,,,,,,,,,,,,,,,,
Brand,,,,,894.635,,,,,,,,,,742.0393,,,,,,,,,,,,,,,,,,,,,,,,,,,,,,,671.4164,,,,,,,,,,,,,,,,,,,,,,,,,,,,,,,,642.5486,,,,,,,,,,,,,,,,,,,,,,,,,,,,,,,,,,,,,,,,,,,,,,,,,,,,,635.9179,,,,,,,,,,,,,,,,,,,,,,,,,,,,,,,,
Braum,,,,,,,,,,,,,,,,,,,,,,,,,,,,,,,,,,,,,,,,,,,,,,,,,,,,,,,,,,,,,,,,,,,,,,,,,,,,,,,,,,,,,,,,,,,,,,,,,,,,,,,,,,,,,,,,,,,,,,,,,,,,,,,,,,,,,,,,,,,,,,,,,,,,,,,,,,,,,,,,,,,
Caitlyn,,,,,,,,,252.8074,242.3104,,,,,,,,,,,,,,,,,,,,,,,,,,,,,,,,,,,,,,,,,,,,,,,,,,,,,,,203.5341,,,,,,,,,,,,,,,,,,,,,,,,,,,,,,,,,,,,,,,,,,,,,,,374.1707,,,,,,,,,,,,,,,,,,,,,,,,,,,,297.8328,,,,,,,,,,,,,,,,,,,,,,,
Camille,,,,,,,,,,,,,,,,,,,,,,,,,322.3568,,,,,,,,,,,,,,,,,,,,,,,,,,,,,,,,,,410.8106,,,,,,,,,,,,,,,,,,,,,,,,,234.155,,,,,,,,,,,,,,,,,,,,,,,,,,,,,,,467.1727,,416.896,,,,,,,,,,,,,,,,,,,,,,,,,,,,,,,,,,,,,,,,,,,,,,
Cassiopeia,,,,,,,,226.9469,,,432.3754,,,,,,,,,,,,,,,,,,,,,,,,,,,,,,,,,,,,,,,,,,,,,,,,,,,,,,,,,,,331.7406,,,,,,,,,,,,,,,,,,,,,,,,,,,,,,,,,,,,,,,,,,,,,,,,,,,,,,327.4944,,,,,,,,,,,,,,,,,,,241.807,,,,,,,,,,,,,,,,,,,,
Chogath,,,,,,,,,,,,,,,,,,,,,,,,,,,,,,,,,,,,,,,,,,,,,,,,,,,,,,,,,,,,,,,,,,,,,,,,,,,,,,,,,,,,,,,,,,,,,,,,,,,,,,,,,,,,,,,,,,,,,,,,,,,,,,,,,,,,,,,,,,,,,,,,,,,,,,,,,,,,,,,,,,,
Corki,,,,,,,,,,,,,,,,,,,,,,,,,,,,,,,,,,,,,,,,,,,,,,,,,,,,,,,,,,,,,,,,,,,,,,,,,,,,,,,,,,,,,,,,,,,,,,,,,,,,,,,,,,,,,,,,,,,,,,,,,,,,,,,,,,,,,,,,,,,,,,,,,,,,,,,,,,,,,,,,,,,
Darius,,,,,,,,,,,,,,,,,,,,,637.2238,,,,,,,,,,,,,,,,,,,,,,,,,,,,,,,,,,,,,,,,,,,,,,,,,,,,,,,,,,,,,,,681.9377,,,,,,,,,,,630.6564,,,,,,,,,,,,,,,,,,,,1163.5963,,916.9459,,,,,,,,,,,,,,,,,,,,,,,,,,,,,,,,,,,,,,,,,,,,,,
Diana,,,,,,,,697.3036,,,878.8115,,,,,,,,,,,,,,,,,,,,,,,,,,,,,,,,,,,,,,,,,,,,,,,,,,,,,,,,,,,,,,,,,822.136,,,,,,,,,,,,,,,,,,,,,,,,935.6,,,,,,,,,,,,,,,,,,,,,,,,,,,,,,,,,,,,,,,,,,,,,,,,,,,,,,,,,729.1611,,,,,,
DrMundo,,,,,,,,,,,,,,,,,,,,,,,,,,,,,,,,,,,,,,,,,,,,,,,,,,,,,,,,,,,,,,,,,,,,,,,,,,,,,,,,,,,,,,,,,,,,,,,,,,,,,,,,,,,,,,,,,,,,,,,,,,,,,,,,,,,,,,,,,,,,,,,,,,,,,,,,,,,,,,,,,,,
Draven,,,,,,,,,,1056.8008,,,,,,,,,,,,,,,,,,,,,,,,,,,,,,,,,,,,,,,,,1044.3192,,,,,,,,,,,,,,,,,,,,,,,,,,,,,,,,,,,,,,,,,,,,,,,,,,,,,,,,,,,,,1217.8655,,,,,,,1112.0384,,,,,,,,,,,,,,,,,,,,,1111.807,,,,,,,,,,,,,,,,,,,,,,,
Ekko,,,,,,,,,,,768.199,,,,,,,,,,,,,,,,,,,,,,,,,,,,,,,,,,,,,,,,,,,,,,,,,,,,,,,,,,,,,,,,,653.3823,,,,,,,,,,,,,,,,,,,,,,,,959.8486,,,,,,,,,,578.9783,,,,,,,,,,,,,,,,,,,,,,,,,,,,,,,,,,,,,,,,,,,,,,,639.2067,,,,,,
Elise,,,,,,,,,,,,,,,,,,,,,,,,,,,,,,,,,,,,,,,,,,,,,,,,,,,,,,,,,,,,,,,,,,,,,,,,,,,,314.8713,,,,,,,,,,,,,,233.1667,,,,,,,,,,,,,,,,,,,,166.1789,,,,,,,,,,,,,,,,,,,,,,,,,,,,,,,,,,197.5153,,,,,,,,,,,,,314.2045,,,,,,
Evelynn,,,,,,,,,,,,,,,,,,,,,,,,,,,,,,,,,,,,,,,,,,,,,,,,,,,,,,,,,,,,,,,,,,,,,,,,,,,,447.7531,,,,,,,,,,,,,,365.6529,,,,,,,,,,701.7778,,,,,,,,,,415.924,,,,,,,,,,,,,,,,,,,,,,,,,,,,,,,,,,,,,,,,,,,,,,,374.2355,,,,,,
Ezreal,,,,,,,,,,273.3672,,,,,,,,,,,,,,,,,,,,,,,,,,,,,,,,,,,,,,,,,209.0262,,,,,,,,,,,,,,,,,,,,,,,,,,,,,,,,,,,,,,,,,,,,,,,,,,,,,,,,,,,,,419.5527,,,,,,,,,,,,,,,,,,,,,,,,,,,,,,,,,,,,,,,,,,,,,,,,,,,
FiddleSticks,,,,,,193.2204,,,,,,,,,,,,,,,,,,,,,,,,,,,,,,,,,,,,,,,,,,,,,,,,,,,,,,,,,,,,,,,,,,,,,,311.3356,,,,,,,,,,,,,,,,,,,,,,,,548.7033,,,,,,,,,,174.6827,,,,,,,,,,,,,,,,,,,,,,,,,,,,,,,,,,,,,,,,,,,,,,,329.8676,,,,,,
Fiora,,,,,,,,,,,,,,,,,,,,,511.2521,,,,603.1845,,,,,,,,,,,,,,,,,,,,,,,,,,,,,,,,,,,,,,,,,,,,,,,,,,,498.1695,,,,,,,,,,,,,,,,,,,,,,,,,,,,,,,,,,,,,,,710.8159,,904.5364,,,,,,,,,,,,,,,,,,,,,,,,,,,,,,,,,,,,,,,,,,,,,,
Fizz,,,,,,,,648.5,,,1110.3455,,,,,,,,,,,,,,,,,,,,,,,,,,,,,,,,,,,,,,,,,,,,,,465.9902,,,,,,,,,,,,,,,,,,,,,,,,,,,,,,,,,,,,,,,,,,,,,,,,,,,,,,,,,,,,,,,,,,,,546.5977,,,,,,,,,,,,,,,,584.7816,,,,,,,,,,,,,,,,,,,,,,
Galio,,,,,,,,,,,205.0546,,,,,,,,,,,,,,,,,,,,,,,,,,,,,,,,,,,,,,,,,,,,,,,,,,,,,,,,,,,,,,,,,,,,,,,,,,,,,,,,,,,,,,,,,,,,,,,,,,,,,,,,,,,,,,,,,,,,,,,,,,,,,,,,,,,,,,,,,,,,,,,,,,,,,,,,
Gangplank,,,,,,,,,,,,,,,,,,,,,,,,,795.1574,,,,,,,,,,,,,,,,,,,,,,,,,,,,,,,,,,,,,,,,,,,,,,,,,,,,,,,,,,,777.9422,,,,,,,,,,,,,,,,,,,,,,,,,,,,,,,1544.1083,,1220.2411,,,,,,,,,,,,,,,,,,,,,,,,,,,,,,,,,,,,,855.16,,,,,,,,,
Garen,,,,,,,,,,,,,,,,,,,,,,,,,641.8148,,,,,,,,,,,,,,,,,,,,,,,,,,,,,,,,,,,,,,,,,,,,,,,,,375.2543,,,,,,,,,,655.6903,,,,,,,,,,,,,,,,,,,,,,,,,,,,,,,952.5968,,672.2279,,,,,,,,,,,,,,,,,,,,,,,,,,,,,,,,,,,,,,,,,,,,,,
Gnar,,,,,,,,,,,,,,,,,,,,,391.2518,,,,406.6067,,,,,,,,,,,,,,,,,,,,,,,,,,,256.8893,,,,,,,706.6061,,,,,,,,,,,,,,,,,,,,,,,,,,,,,,,,,,,,,,,,,,,,,,,,,,,,,,,,926.9231,,,,,,,,,,,,,,,,,,,,,,,,,,,,,,,,,,,,,,,,,,,,,,,,
Gragas,,,,,,,,,,,,,,,,,,,,,,,,,,,,,,,,,,,,,,,,,,,,,,,,,,,,,,,,,,,,,,,,,,,,,,,,,,550.5607,,426.6598,,,,,,,,,,,,,,,,,,,,,,,,668.0188,,,,,,,,,,,,,,,494.6315,,,,,,,,,,,,,,,,,,,,,,,,,,,,,,,,,,,,,,,,,,409.3709,,,,,,
Graves,,,,,,,,,,,,,,,,,,,,,,,,,,,,,,,,,,,,,,,,,,,,,,,,,,,,,,,,,,,,,,,,,,,,,,,,,,,,686.3561,,,,,,,,,,,,,,,,,,,440.101,,,,,796.0032,,,,,,,,,,526.1411,,,,,,,,,,,,,,,,,,,,,,,,,,,,,,,,,,,,,,,,,,,,,,,637.4134,,,,,,
Gwen,,,,,,,,,,,,,,,,,,,,,515.0426,,,,784.0316,,,,,,,,,,,,,,,,,,,,,,,,,,,,,,,,,,,,,,,,,,,,,,,,,689.0022,,,,,,,,,,,,,,,,,,,,,,,,,,,,,,,,,,,,,,,,,1030.2786,,,,,,,,,,,491.9283,,,,,,,,,,,,,,,,,,,,,,,,,,,,,,,,,,,,,
Hecarim,,,,,,,,,,,,,,,,,,,,,,,,,,,,,,,,,,,,,,,,,,,,,695.0433,,,,,,,,,,,,,,,,,,,,,,,,,,,,,,,690.908,,,,,,,,,,,,,,581.2285,,,,,,,,,,864.6484,,,,,,,,,,,,,,,,,,,,,,,,,,,,,,,,,,,,,,,,,,,,,,,,,,,,,,,,,670.827,,,,,,
Heimerdinger,,,,,,,,,,,,,,,759.6048,,,,,,,,,,,,,,,,,,,,,,,,,,,,,,,,,,,,,,,,,,,,,,,,,,,,,779.4128,,,,,,,,,,765.7549,,,,,,,848.4418,,,,,,,,,,,,,,,,,,,,,,,,,,,,,,,,,,,,,,,,,,,,,,762.2799,,,,,,,,,,,,,,,,,,,,,,,,,,,,,,,,
Illaoi,,,,,,,,,,,,,,,,,,,,,,,,,1093.6866,,,,,,,,,,,,,,,,,,,,,,,,,,,,,,,,,,,,,,,,,,,,,,,,,989.8867,,,,,,,,,,1004.2941,,,,,,,,,,,,,,,,,,,,,,,,,,,,,,,1503.5111,,958.4958,,,,,,,,,,,,,,,,,,,,,,,,,,,,,,,,,,,,,,,,,,,,,,
Irelia,,,,,,,,,,,1248.1228,,,,,,,,,,,,,,1166.388,,,,,,,,,,,,1044.7808,,,,,,,,,,,,,,,,,,,,,,1079.3531,,,,,,,,,,,,,,,,,,,,,,,,,,,,,,,,,,,,,,,,,,,,,,,,,,,,,,,,1051.3238,,,,,,,,,,,,,,,,,,,,,,,,,,,,,,,,,,,,,,,,,,,,,,,,
Ivern,,,,,,,,,,,,,,,,,,,,,,,,,,,,,,,,,,,,,,,,,,,,,,,,,,,,,,,,,,,,,,,,,,,,,,,,,,,,,,,,,,,,,,,,,,,,,,,,,,,,,,,,,,,,,,,,,,,,,,,,,,,,,,,,,,,,,,,,,,,,,,,,,,,,,,,,,,,,,,,,,,,
Janna,,,,,198.5161,,,,,,,,,,,,234.6422,,,,,,,,,,,,,,,,,,,,,,,,,,,,,,,,,,,,,,,,,,,,,,,,,,,,,,,,,,,,,,,,,,,,,,,,,,,,,,,,,,,,,,,,,,,,,,,,,,,,,,,,,,,,,,,,,,,,,,,,,,,,,,,,,,,,,,,,,,,,,,,,,,
JarvanIV,,,,,,,,,,,,,,,,,,,,,,,,,,,,,,,,,,,,,,,,,,,,,553.9129,,,,,,,,,,,,,,,,,,,,,,,,,,,,,,,428.6922,,,,,,,,,,,,,,,,,,,,,,,,559.8486,,,,,,,,,,335.0671,,,,,,,,,,,,,,,,,,,,,,,,,,,,,,,,,,,,,,,,,,,,,,,433.3142,,,,,,
Jax,,,,,,,,,,,,,,,,,,,554.9268,,,,,,,,,,,,,,,,,,,,,,,,,,,,,,,,,,,,,,,,634.2269,,,,,,,,,,,,,,,,,,,,,,,,,454.565,,,,,,,,,,,,,,,,,,,,,,,,,,,,,,,721.1163,,,,,,,,,,,,,,,,,,,,,,,,,,,,,,,,,460.6394,,,,,,,,,,,,,,,
Jayce,,,401.6746,,,,,,,,,,,,,,,,,,,,,,,,,,,,,,,,,,,,,,,,,,,,,,,,,,,,,,,,839.1311,,,,,,,,,,,,,,,,,,,,,,,,,,,,,,,,,,,,,,,,,,,,,,,,,,,,,,,,1060.7306,,1049.5678,,,,,,,,,,,,,,,,,,,,,,,,,,,,,,,471.776,,,,,,,,,,,,,,,
Jhin,,,,,,,,,,172.9089,,,,,,,,,,,,,,,,,,,,,,,,,,,,,,,,,,,,,,,,,,,,,,,,,,,,,,,157.0323,,,,,,,,,,,,,,,,,,,,,,,,,,,,,,,,,,,,,,,,,,,,,,,353.9874,,,,,,,211.8727,,,,,,,,,,,,,,,,,,,,,,,,,,,,,,,,,,,,,,,,,,,,
Jinx,,,,,,,,,,,,,,,,,,,,,,,,,,,,,,,,,,,,,,,,,,,,,,,,,,,,,,,,,,,,,,,,,,,,,,,,,,,,,,,,,,,,,,,,,,,,,,,,,,,,,,,,,,,,,,,,276.9865,,,,,,,,,,,,,,,,,,,,,,,,,,,,,,,,,,,,,,,,,,,,,,,,,,,
KSante,,,,,,,,,,,,,,,,,,,,,,,,,,,,,,,,,,,,,,,,,,,,,,,,,,,,,,,,,,,,,,,,,,,,,,,,,,373.3744,,225.3127,,,,,,,,282.2854,,,,,,,,,,,,,,,,,,,,,,,,,,,,,,,561.9206,,379.1461,,,,,,,,,,,,,,,,,,,,,,,,,,,,,,,,,,,,,,,,,,,,,,
Kaisa,,,,,,,,,,,,,,,,,,,,,,,,,,,,,,,,,,,,,,,,,,,,,,,,,,,,,,,,,,,,,,,,,,,,,,,,,,,,,,,,,,,,,,,,,,,,,,,,,,,,,,,,,,,,,,,,,,,,,,,,,,,,,,,,,,,,,,,,,,,,,,,,,,,,,,,,,,,,,,,,,,,
Kalista,,,,,,,,,797.1088,652.2522,,,,,,,,,,,,,,,,,,,,,,,,,,,,,,,,,,,,,,,,,641.0858,,,,,,,,,,,,,,,,,,,,,,,,,,,,680.7854,,,,,,,,,,,,,,,,,,,,,,,,,,,,,,,,,,,,,,,,607.0095,,,,,,,,,,,,,,,,,,,,,,,,,,,,,,,,,,,,,,,,,,,,
Karma,,,,,479.8217,,,,,,,,,,,,504.8065,,,,,,,,,,,,,,,,,,,,,,,,,,,,,,,,,,,,,,,,,,,,,,,,,,,378.8319,,,,,,,,,,,,,,,,,,,,,,,,,,,,,,,,,,397.2581,,,,,,,,,,,,,,,,,,,,,,,,,,,465.5079,,,,,,,,,,,,,,,,,,,,,,,,,,,,,,,,,,
Karthus,,,,,,,,,,,,,,,,,,,,,,,,,,,,,,,631.3024,,,,,,,,,,,,,,,,,,,,,,,,,,,,,,,,,,,,,,,,,,,,,,,,,607.6464,,,,,,,,,,749.1362,,,,,,,,,,,,,,,,,,,,596.774,,,,,,,,,,,,,,,,,,,,,,,,,,,,,,,,,,,,,,,,,,,,,,,914.4881,,,,,,
Kassadin,,,,,,,,,,,251.5389,,,,,,,,,,,,,,,,,,,,,,,,,,,,,,,,,,,,,,,,,,,,,,,,,,,,,,,,,,,,,,,,,,,,,,,,,,,,,,,,,,,,,,,,,,,,,,,,,,,,,,,,,,,,,,,,,,,,,,,,,,,,,,,,,,,,,,,,,,,,,,,,,,,,,,,,
Katarina,,,,,,,,,,,635.6203,,,,,,,,,,,,,,,,,,,,,,,,,,,,,,,,,,,,,,,,,,,,,,,,,,,,,,,,,,,,,,,,,,,,,,,,,,,,,,,,,,,,,,,,,,,,,,,,,,,,,,,,,,,,,,,,250.5721,,216.3206,,561.2727,,,,,,,,,,,,,,431.0462,,,,,,,,,,,,,,,,,,,,,,
Kayle,,,,,,,,,,,,,,,,,,,,,,,,,,,,,,,,,,,,,,,,,,,,,,,,,,,,,,,,,,,,,,,,,,,,,,,,,,,,,,,,,,,,,,,,,,,,,,,,,,,,,,,,,,,,,,,,,,,620.5386,,161.8679,,,,,,,,,,,,,,,,,,,,,,,,,,,,,,,,,,,,,,,,,,,,,,
Kayn,,,,,,,,,,,,,,,,,,,,,,,,,,,,,,,,,,,,,,,,,,,,,533.012,,,,,,,,,,,,,,,,,,,,,,,,,,,,,,,475.1902,,,,,,,,,,,,,,,,,,,,,,,,621.2017,,,,,,,,,,347.0887,,,,,,,,,,,,,,,,,,,,,,,,,,,,,,,,,,,,,,,,,,,,,,,417.2861,,,,,,
Kennen,,,,,,,,,,,,,,,,,,,,,,,,,,,,,,,,,,,,367.097,,,,,,,,,,,,532.8566,,,,,,,,,,,,,,,,,,,,,,,,,,,,,,,,,,,,,,,,,,,,,,,519.8075,,,,,,,,,,,435.0563,,,,,,,,,1007.6541,,,,,,,,,,,,,,,,,,,,,,,,,,,,,,,,,,,,,,,,,,,,,,,,
Khazix,,,,,,,,,,,,,,,,,,,,,,,,,,,,,,,,,,,,,,,,,,,,,,,,,,,,,,,,,,,,,,,,,,,,,,,,,,,,,,,,,,,,,,,,,,,,,,,,,,,,,,,,,,,,,,,,,,,,,,,,,,,,,,,,,,,,,,,,,,,,,,,,,,,,,,,,,,,,,,,,,,,
Kindred,,,,,,684.9244,,,,,,,,,,,,,,,,,,,,,,,,,,,,,,,,,,,,,,,,,,,,,,,,,,,,,,,,,,,,,,,,,,,,,,881.5574,,,,,,,,,,,,,,711.6822,,,,,,,,,,909.7589,,,,,,,,,,,,,,,,,,,,,,,,,,,,,,,,,,,,,,,,,,,,,,,,,,,,,,,,,820.2567,,,,,,
Kled,,,,,,,,,,,,,,,,,,,,,686.6897,,,,1113.507,,,,,,,,,,,,,,,,,,,,,,,,,,,,,,,,,,,,,,,,,,,,,,,,,,,,,,,,,,,1092.5385,,,,,,,,,,,,,,,,,,,,,,674.4781,,,,,,,,,1110.2007,,,,,,,,,,,,,,,,,,,,,,,,,,,,,,,,,,,,,,,,,,,,,,,,
KogMaw,,,,,,,,,,,,,,,,,,,,,,,,,,,,,,,,,,,,,,,,,,,,,,,,,,,,,,,,,,,,,,,,,,,,,,,,,,,,,,,,,,,,,,,,,,,,,,,,,,,,,,,,,,,,,,,,,,,,,,,,,,,,,,,,,,,,,,,,,,,,,,,,,,,,,,,,,,,,,,,,,,,
Leblanc,,,,,,,,,,,,,,,,,,,,,,,,,,,,,,,,,,,,,,,,,,,,,,,,,,,,,,,,,,,,,,,,,,,,,,,,,,,,,,,,,,,,,,,,,,,,,,,,,,,,,,,,,,,,,,,,,,,,,,,,,,,,,,,,,,,,,,,,,,,,,,,,,,,,,,,,,,,,,,,,,,,
LeeSin,,,,,,,,,,,,,,,,,,,,,,,,,,,,,,,,,,,,,,,,,,,,,696.8628,,,,,,,,,,,,,,,,,,,,,,,,,,,,,,,537.5527,,,,,,,,,,,,,,476.6567,,,,,,,,,,721.505,,,,,,,,,,,,,,,,,,,,,,,,,,,,,,,,,,,,,,,,,,,,,,,,,,,,,,,,,519.6361,,,,,,
Leona,,,,,,,,,,,,,,,,,,,,,,,,,,,,,,,,,,,,,,,,,,,,,,,,,,,,,,,,,,,,,,,,,,,,,,,,,,,,,,,,,,,,,,,,,,,,,,,,,,,,,,,,,,,,,,,,,,,,,,,,,,,,,,,,,,,,,,,,,,,,,,,,,,,,,,,,,,,,,,,,,,,
Lillia,,,,,,469.3817,,,,,,,,,,,,,,,,,,,,,,,,,,,,,,,,,,,,,,,,,,,,,,,,,,,,,,,,,,,,,,,,,,,,,,561.7318,,,,,,,,,,,,,,,,,,,,,,,,850.1683,,,,,,,,,,508.7949,,,,,,,,,,,,,,,,,,,,,,,,,,,,,,,,,,,,,,,,,,,,,,,573.8351,,,,,,
Lissandra,,,,,,,,,,,334.1401,,,,,,,,,,,,,,,,,,,,,,,346.0421,,,,,,,,,,,,,,,,,,,,,,,304.5294,,,,,,,,,,,,,,,,,,155.61,,,,,,,,,,,,,,,,,,,,,,,,,,,,,,,,,,,,,,,,,,,,,,,,,,,,,,,,,,,,,,,,,,173.9801,,,,,,,,,,,,,,,,,,,,,,
Lucian,,,,,,,,,357.9802,,,,,,,,,,,,,,,,,,,,,,,,,,,,,,,,,,,,,,,,,,335.3766,,,,,343.5629,,,,,,,,,,,,,,,,,,,,,,,,,,,,,,,,,,,,,,,,,,,,,,,,,,,,,,,,,,,,,,,316.7156,,,,,,,,,,,,,,,,,,,,,401.0145,,,,,,,,,,,,,,,,,,,,,,,
Lulu,,,,,211.533,,,,,,,,,,,,232.7294,,,,,,,,,,,,,,,,,,,,,,,,,,,,,,,,,,,,,,,,,,,,,,,,,,,,,,,,,,,,,,,,,,,,,,,,,,,,,,,,,,,,,,,,,,,,,,,,,,,,,,,,,,,,,,,,,,,,,,,,,,,,,,,,,,,,,,,,,,,,,,,,,,
Lux,,,,,697.5252,,,,,,,,,,,,659.4227,,,,,,,,,,,,,,,,,,,,,,,,,,,,,,,,,,,,,,,,,,,,,,,,,,,,,,,,,,,,,,,,,,,,,,,,,,,,,,,,,,596.9067,,,,580.3651,,,,,,,,,,,,,,,,,,,,,,,,,,590.9015,,,,,,,,,,,,,,,,,,,,,,,,,,,,,,,,,,
Malphite,,,,,,,,,,,,,,,,,,,,,,,,,,,,,,,,,,,,,,,,,,,,,,,,,,,,,,,,,,,355.1087,,,,,,,,,,,,,,,,,,,,,,,,,,,,,,,,,,,,,,,488.8328,,,,,,,,,,,,,,,,,,,,,,,,,,,,,,,,,,,,,,,,,,,,,,,,,,,,,,,,,,,,,,,,,
Malzahar,,,,,,,,164.5167,,,346.9045,,,,,,,,,162.913,,,,,,,,,,,,,,,,,,,,,,,,,,,,,,,,,,,,,,,,,,,,,,,,,,,,,,,,,,,,,,,,,,,,,,,,,,,,,,,,,,,,,,,,,,,,,,,,,,,,,,,,292.0921,,,,,,,,,,,,,,,,,,,,,,,204.0732,,,,,,,,,,,,,,,,
Maokai,,,,,,,,,,,,,,,,,,,,,,,,,,,,,,,,,,,,,,,,,,,,,,,,,,,,,,,,,,,,,,,,,,,,,,,,,,474.1088,,,,,,,,,,,,,,,,,,,,,,,,,,,,,,,,,,,,,,,,,,,,,,,,,,,,,,,,,,,,,,,,,,,,,,,,,,,,,,,,,,,,,,,,,
MasterYi,,,,,,,,,,,,,,,,,,,,,,,,,,,,,,,,,,,,,,,,,,,,,,,,,,,,,,,,,,,,,,,,,,,,,,,,,,,,957.0821,,,,,,,,,,,,,,631.2282,,,,,,,,,,912.786,,,,,,,,,,674.5811,,,,,,,,,,,,,,,,,,,,,,,,,,,,,,,,,,,,,,,,,,,,,,,767.0824,,,,,,
Milio,,,,,,,,,,,,,,,,,,,,,,,,,,,,,,,,,,,,,,,,,,,,,,,,,,,,,,,,,,,,,,,,,,,,,,,,,,,,,,,,,,,,,,,,,,,,,,,,,,,,,,,,,,,,,,,,,,,,,,,,,,,,,,,,,,,,,,,,,,,,,,,,,,,,,,,,,,,,,,,,,,,
MissFortune,,,,,,,,,226.8729,186.473,,,,,,,,,,,,,,,,,,,,,,,,,,,,,,,,,,,,,,,,,,,,,,,,,,,,,,,,,,,,,,,,,,,,,,,,,,,,,,,,,,,,,,,,,,,,,,,,,,,,,,,,,,,,,,,,,,,,,,,,,,,,,,,,,,250.2041,,,,,,,,,,,,,,,,,,,,,,,
MonkeyKing,,,,,,,,,,,,,,,,,,,,,,,,,,,,,,,,,,,,,,,,,,,,,,,,,,,,,,,,,,,,,,,,,,,,,,,,,,,,167.6544,,,,,,,,,,,,,,,,,,,,,,,,362.0095,,,,,,,,,,181.8069,,,,,,,,,,,,,,,,,,,,,,,,,,,,,,,,,,,,,,,,,,,,,,,152.1728,,,,,,
Mordekaiser,,,,,,,,,,,,,,,,,,,706.5879,,,,,,,,,,,,,,,,,,,,,,,,,,,,,,,,,,,,,,,,,,,,,,,,,,,,,,,947.6533,,855.5394,,,,,,,,583.7292,,,,,,,,,,,,,,,,,,,,,,,,,,,,,,,1056.73,,,,,,,,,,,,,,,,,,,,,,,,,,,,,,,,,,,,,,,,,,,,,,,,
Morgana,,,,,576.1667,,,,,,,,,,393.9722,,502.489,,,,,,,,,,,,,,,,,,,,,,,,,,,,,,,,,,,,,,,,,,,,,,,,,,,473.779,,,,,,,,445.05,,,,,,,,,,,,,,,,,,,,,,,,,,,,,,,,,,,,,,,,,,,,,,,,,,,,,,,,,,,,,,,,,,,,,,,,,,,,,,,,,,,,,,,
Nami,,,,,,,,,,,,,,,,,,,,,,,,,,,,,,,,,,,,,,,,,,,,,,,,,,,,,,,,,,,,,,,,,,,,,,,,,,,,,,,,,,,,,,,,,,,,,,,,,,,,,,,,,,,,,,,,,,,,,,,,,,,,,,,,,,,,,,,,,,,,,,,,,,,,,,,,,,,,,,,,,,,
Nasus,,,,,,,,,,,,,,,,,,,,,,,,,,,,,,,,,,,,,,,,,,,,,,,,,,,,,,,,,,,223.1887,,,,,,,,,,,,,,,,,,,,,,,,,,,,,,,,,,,,,,,,,,,,,,,,,,,,,,,,266.6907,,,,,,,,,,,,,,,,,,,,,,,,,,,,,,,,,,,,,,,,,,,,,,,,
Nautilus,,,,,,,,,,,,,,,,,,,,,,,,,,,,,,,,,,,,,,,,,,,,,,,,,,,,,,,,,,,,,,,,,,,,,,,,,,,,,,,,,,,,,,,,,,,,,,,,,,,,,,,,,,,,,,,,,,,,,,,,,,,,,,,,,,,,,,,,,,,,,,,,,,,,,,,,,,,,,,,,,,,
Neeko,,181.5735,,,,,,,,,,,,,,,,,,,,,,,,,,,,,,,,,,,,,,,,,,,,,,,,,,,,,,,,254.3168,,,,,,,,,,,,,,,,,,,,,,,,,,,,,,,,,,,,,,,,,,,,,,,,,,,,,,,,,,,,,,,,,,,,,,,,,602.6,,,,,,,,,,,,,,,,,,,,,,,,,,,,,,,,
Nidalee,,,,,,792.2403,,,,,,,,,,,,,,,,,,,,,,,,,,,,,,,,,,,,,,,,,,,,,,,,,,,,,,,,,,,,,,,,,,,,,,880.3195,,,,,,,,,,,,,,,,,,,,,,,,1081.0906,,,,,,,,,,750.6339,,,,,,,,,,,,,,,,,,,,,,,,,,,,,,,,,,,,,,,,,,,,,,,872.6446,,,,,,
Nilah,,,,,,,,,344.5245,268.466,,,,,,,,,,,,,,,,,,,,,,,,,,,,,,,,,,,,,,,,,,,,,,,,,,,,,,,,,,,,,,,,,,,,,294.5333,,,,,,,,,,,,,,,,,,,,,,,,,,,,,,,,,,,,,,,,,,,,,,,,,,,,,,,,,267.0518,,,,248.7758,,,,,,,,,,,,,,,,,,,,,,,
Nocturne,,,,,,615.0732,,,,,,,,,,,,,,,,,,,,,,,,,,,,,,,,,,,,,,,,,,,,,,,,,,,,,,,,,,,,,,,,,,,,,,817.3642,,,,,,,,,,,,,,,,,,,615.6143,,,,,793.4523,,,,,,,,,,,,,,,,,,,,,,,,,,,,,,,,,,,,,,,,,,,,,,,,,,,,,,,,,581.0643,,,,,,
Nunu,,,,,,,,,,,,,,,,,,,,,,,,,,,,,,,,,,,,,,,,,,,,,,,,,,,,,,,,,,,,,,,,,,,,,,,,,,,,,,,,,,,,,,,,,,,,,,,,,,,,,,,,,,,,,,,,,,,,,,,,,,,,,,,,,,,,,,,,,,,,,,,,,,,,,,,,,,,,,,,,,,,
Olaf,,,,,,,,,,,,,,,,,,,,,,,,,1013.3127,,,,,,,,,,,,,,,,,,,,,,,,,,,,,,,,,,790.6239,,,,,,,,,,,,,,,803.4914,,,,,,,,,,927.5299,,,,,,,,,,,,,,,,,,,,,,,,,,,,,,,1316.2888,,,,,,,,,,,,,,,,,,,,,,,,,,,,,,,,,,,,,,,,,,,,,,,,
Orianna,,,,,,,,279.8226,,,349.3066,,,,,,,,,,,,,,,,,,,,,,,,,,,,,,,,,,,,,,,,,,,,,,,,,,,,,,,,,,,,,,,,,,,,,,,,,,,,,,,,,,,,,,,,,,,,,,,,,,,,,,,,,,,,,,,,,,,,,,,,,,,,,,,,,,,,178.4307,,,,,,,,,,,,,,,,,,,,
Ornn,,,,,,,,,,,,,,,,,,,,,398.6362,,,,,,,,,,,,,,,,,,,,,,,,,,,,,,,,,,,,,,,,,,,,,,,,,,,,,753.7269,,497.0983,,,,,,,,,,,,,,,,,,,,,,,,,,,,,,,,,,,,,,,497.5704,,391.285,,,,,,,,,,,,,,,,,,,,,,,,,,,,,,,,,,,,,,,,,,,,,,
Pantheon,,,,,,,,,,,809.5055,,,,620.2154,,,,,,,,,,,,,,,,,,,,,,,,,,,,,,,,,,,,,,,,,,962.9583,,849.428,,,,,,,,,,,,,,,,,,,,,,,,,,,,,,,,,,,,,,,,,,,,,,,,,,,,,,,,904.0,,,,,,,,,,,,,,,,,,,,,,,,,,,,,,,,,,,,,,,,,,,,,,,,
Poppy,,,,,,,,,,,,,,,,,,,321.1559,,,,,,,,,,,,,,,,,,,,,,,,,,,,,,,,,,,,,,,,263.3605,,,,,,,,,,,,,,,297.7355,,,,,,,,,,392.8208,,,,,,,,,,,,,,,,,,,,,,,,,,,,,,,684.2698,,,,,,,,,,,,,,,,,,,,,,,,,,,,,,,,,,,,,,,,,,,,,,,,
Pyke,,,,,499.2738,514.6117,,,,,,,,,,,487.9273,,,,,,,,,,,,,,,,,,,,,,,,,,,,,,,,,,,,,,,,,,,,,,,,,,,575.9301,,,,,,,,,,,,,,,,,,,,,,,,,,,,,,,,,,,,,,,,,,,,,,,,,,,,,,,,,,,,,,,,,,,,,,,,,,,,,,,,,,,,,,,,543.2803,,,,,,,
Qiyana,,,,,,,,564.4958,,,917.8065,,,,,,,,,509.3005,,,,,,,,,,,,,,,,,,,,,,,,,,,,,,,,,,,,,,342.9327,,,,,,,,,,,,,,,,,,,,,,,,,,,,,,,,,,,,,,,,,,,,,,,,,,,,,,,,,,,,,,,,,,,,,,,,,,,,,,,,,,,506.2813,,,,,,,,,,,,,,,,,,,,,,
Quinn,,,,,,,,,,,,,,,,,,,,,,,,,,,,,,,,,,,,240.8311,,,,,,,,,,,,,,,,,,,,,,,,,,,,,,,,,,,,,,,,,,,,,,,,,,,,,,,,,,,,,,,,,,,,,,,,,,,,,,,,,,,,,,,,,,,,,,,,,,,,,,,,,,,,,,,,,,,,,,,,,,,,,,,
Rakan,,,,,,,,,,,,,,,,,,,,,,,,,,,,,,,,,,,,,,,,,,,,,,,,,,,,,,,,,,,,,,,,,,,,,,,,,,,,,,,,,,,,,,,,,,,,,,,,,,,,,,,,,,,,,,,,,,,,,,,,,,,,,,,,,,,,,,,,,,,,,,,,,,,,,,,,,,,,,,,,,,,
Rammus,,,,,,,,,,,,,,,,,,,,,,,,,,,,,,,,,,,,,,,,,,,,,,,,,,,,,,,,,,,,,,,,,,,,,,,,,,,,,,,,,,,,,,,,,,,,,,,,,,,,,,,,,,,,,,,,,,,,,,,,,,,,,,,,,,,,,,,,,,,,,,,,,,,,,,,,,,,,,,,,,,,
RekSai,,,,,,,,,,,,,,,,,,,,,,,,,,,,,,,,,,,,,,333.9416,,,,,,,,,372.281,,,,,,,,,,,,,364.6281,,,,,,,229.0046,,,,,,,,,,,,,,,,,,,,,,,,,,,,,,,,,,,,,,,,,,,,,,,,,,,,,,,,,,,,,,,,,,,,,,,,,,,,,529.0445,,,,,,,,,,,,,,,,,,,
Rell,,,,,,,,,,,,,,,,,,,,,,,,,,,,,,,,,,,,,,,,,,,,,,,,,,,,,,,,,,,,,,,,,,,,,,,,,,,,,,,,,,,,,,,,,,,,,,,,,,,,,,,,,,,,,,,,,,,,,,,,,,,,,,,,,,,,,,,,,,,,,,,,,,,,,,,,,,,,,,,,,,,
Renata,,,,,251.9649,,,,,,,,,,,,,,,,,,,,,,,,,,,,,,,,,,,,,,,,,,,,,,,,,,,,,,,,,,,,,,,,,,,,,,,,,,,,,,,,,,,,,,,,,,,,,,,,,,,,,,,,,,,,,,,,,,,,,,,,,,,,,,,,,,,,,,,,,,,,,,,,,,,,,,,,,,,,,,
Renekton,,,779.715,,,,,,,,,,,,,,,,783.6695,,,,,,,,,,,,,,,,,,,,,,,,,,,,,,,,,,,,,,,,,,,,,,,,,,,,,,,,,,,,,,,,,954.1701,,,,,,,,,,,,,,,,,,,,,,778.2691,,,,,,,,,1140.2466,,,,,,,,,,,,,,,,,,,,,,,,,,,,,,,,,,,,,,,,,,,,,,,,
Rengar,,,,,,,,,,,,,,,,,,,,,,,,,,,,,,,,,,,,,,,,,,,,,,,,,,,,,,,,,,,,,,,,,,,,,,,,,,,,759.7071,,,,,,,,,,,,,,618.9847,,,,,,,,,,764.2588,,,,,,,,,,684.1061,,,,,,,,,,,,,,,,,,,,,,,,,,,,,,,,,,,,,,,,,,,,,,,702.0494,,,,,,
Riven,,,,,,,,,,,,,,,,,,,,,,,,,529.5515,,,,,,,,,,,,,,,,,,,,,,,,,,,,,,,,,,423.1602,,,,,,,,,,,,,,,,,,,,,,,,,580.2892,,,,,,,,,,,,,,,,,,,,,,,,,,,,,,,1135.0761,,673.3837,,,,,,,,,,,,,,,,,,,,,,,,,,,,,,,,,,,,,,,,,,,,,,
Rumble,,,,,,,,,,,543.5519,,,,,,,,,,,,,,,,,,,,,361.9308,,,,,,,,,,,,,,,,,,,,,,,,,,440.6193,,,,,,,,,,,,,,,,927.1101,,,,,,,,,,,,,,,,,,,,,,,,,,,,,,,,,,,,,,,,,,,,,,,,,,447.8202,,,,,,,,,,,,,,,,,,,,,,,,,,,,,,,,,,,,,,,
Ryze,,,,,,,,,,,283.5615,,,,,,,,,,,,,,,,,,,,,,,,,,,,,,,,,,,,,,,,,,,,,,,,,,,,,,,,,,,,,,,,,,,,,,,,,,,,,,,,,,,,,,,,,,,,,,,,,,,,,,,,,,,,,,,,,169.9979,,,,,,,,,,,,,,,,,,,,,,,,,,,,,,,,,,,,,,,
Samira,,,,,,,,,610.0179,400.466,,,,,,,,,,,,,,,,,,,,,,,,,,,,,,,,,,,,,,,,386.0907,,,,,,,,,,,,,,,,,,,,,,,,,,,,,,,,,,,,,,,,,,,,,,,,,,,,,,,,,,,,,,1024.3826,,,,,,,,,,,,,,,,,,,,,,,,,,,,392.8477,,,,,,,,,,,,,,,,,,,,,,,
Sejuani,,,,,,,,,,,,,,,,,,,,,,,,,,,,,,,,,,,,,,,,,,,,,,,,,,,,,,,,,,,,,,,,,,,,,,,,,,,,,,,,,,,,,,,,,,,,,,,,,,,,396.1416,,,,,,,,,,,,,,,,,,,,,,,,,,,,,,,,,,,,,,,,,,,,,,,,,,,,,,,,,,,,,,,
Senna,,,,,871.1673,,,,,,,,,,,,883.3507,,,,,,,,,,,,,,,,,,,,,,,,,,,,,,,,,,,,,,,,,,,,,,,,,,,,,,,810.6644,,,,,,842.9676,,,,,,,,,,,,,,,,,,,,,848.3171,,,,,,,,,,,,,,,,,,,,,,,,,,,,,,,,,,,,,,,,,,,,,,,,,,,,,,,,,,,,,,,,
Seraphine,,,,,449.4538,,,,,,,,,,,,,,,,,,,,,,,,,,,,,,,,,,,,,,,,,,,,,,,,,,,,,,,,,,,,,,,348.4537,,,,333.0293,,,,,,347.2415,,,,,,,,,,,,,,,,,,,,,382.2842,,,,,,,,,,,,,,,,,,,,,,,,,,,,,,,,,,,,,,,,,,,,,,,,,,,,,,,,,,,,,,,,
Sett,,,,,,,,,,,,,,,,,,,,,611.1862,,,,,,,,,,,,,,,,,,,,,,,,,,,,,,,,,,,,,,,,,,,,,,,,,,,,,,,,,,,,,,,711.4428,,,,,,,,,,,,,,,,,,,,,,,,,,,,,,,1153.705,,645.2717,,,,,,,,,,,,,,,,,,,,,,,,,,,,,,,,,,,,,607.0297,,,,,,,,,
Shaco,,,,,,482.1975,,,,,,,,,393.3731,,,,,,,,,,,,,,,,,,,,,,,,,,,,,,,,,,,,,,,,,,,,,,,,,,,,,,,,,,,,,539.2977,,,,,,,,,,,,,,,,,,,,,,,,633.8013,,,,,,,,,,,,,,,,,,,,,,,,,,,,,,,,,,,,,,,,,,,,,,,,,,,,,,,,,475.896,,,,,,
Shen,,,,,,,,,,,,,,,,,,,,,,,,,,,,,,,,,,,,,,,,,,,,,,,,,,,,,,,,,,,,,,,,,,,,,,,,,,,,,,,,,,,,,,,,,,,,,,,,,,,,,,,,,,,,,,,,,,,,,,,,,,,,,,,,,,,,,,,,,,,,,,,,,,,,,,,,,,,,,,,,,,,
Shyvana,,,,,,,,,,,,,,,,,,,,,,,,,,,,,,,,,,,,,,180.0473,,,,,,,,,,,,,,,,,,,,,,,,,,,,,,,,,,,,,,,,,,419.9655,,,,,,,,,,,,,,,,,,,,,,,,,,,,,,,,,,,,,,,,,,,,,,,,,,,,,,,,,,,,,,,,409.8806,,,,,,,,,,,,,,,,,,,
Singed,,,,,,,,,,,,,,,,,,,,,,,,,,,,,,,,,,,,,,,,,,,,,,,,,,,,,,,,,,,,,,,,,,,,,,,,,,,,,,,,,,,,,,,,,,,,,,,,,,,,,,,,,,,,,,,,,,,272.6781,,,,,,,,,,,,,,,,,,,,,,,,,,,,,,,,,,,,,,,,,,,,,,,,
Sion,,,,,,,,,,,,,,,,,,,,,,,,,,,,,,,,,,,,,,,,,,,,,,,,,,,,,,,,,,,744.6865,,,,,,,,,,,,,,,1107.6683,,,,,,,,,,817.8897,,,,,,,,,,,,,,,,,,,,,,,,,,,,,,,879.7266,,651.3473,,,,,,,,,,,,,,,,,,,,,,,,,,,,,,,,,,,,,,,,,,,,,,
Sivir,,,,,,,,,,,,,,,,,,,,,,,,,,,,,,,,,,,,,,,,,,,,,,,,,,,,,,,,,,,,,,,,,,,,,,,,,,,,,,,,,,,,,,,,,,,,,,,,,,,,,,,,,,,,,,,,,,,,,,,,,,,,,,,,,,,,,,,,,,,,,,,,,,,,,,,,,,,,,,,,,,,
Skarner,,,,,,,,,,,,,,,,,,,,,,,,,,,,,,,,,,,,,,,,,,,,,,,,,,,,,,,,,,,,,,,,,,,,,,,,,,,,,,,,,,,,,,,,,,,,,,,,,,,,,,,,,,,,,,,,,,,,,,,,,,,,,,,,,,,,,,,,,,,,,,,,,,,,,,,,,,,,,,,,,,,
Sona,,,,,340.6892,,,,,,,,,,,,,,,,,,,,,,,,,,,,,,,,,,,,,,,,,,,,,,,,,,,,,,,,,,,,,,,,,,,165.2308,,,,,,207.9479,,,,,,,,,,,,,,,,,,,,,192.6373,,,,,,,,,,,,,,,,,,,,,,,,,,,,,,,,,,,,,,,,,,,,,,,,,,,,,,,,,,,,,,,,
Soraka,,,,,177.3439,,,,,,,,,,,,240.0075,,,,,,,,,,,,,,,,,,,,,,,,,,,,,,,,,,,,,,,,,,,,,,,,,,,,,,,,,,,,,,,,,,,,,,,,,,,,,,,,,,,,,,,,,,,,,,,,,,,,,,,,,,,,,,,,,,,,,,,,,,,,,,,,,,,,,,,,,,,,,,,,,,
Swain,,,,,690.4507,,,,,,,,,,713.3054,,,,,,,,,,,,,,,,,,,,,,,,,,,,,,,,,,,,,,,,,,,,,,,,,,,,,765.8347,,,,,,,,,,,,,,,,,588.1835,,,,,,,,,,,,,,639.9966,,,,,,,,,,,,,,,,,,,,,,,,,,,,,,,,,,,,,,,,,,,,,,,,,,,,,,,,,,,,,,,,
Sylas,,,,,,,,,,,488.5363,,,,,,,,,,,,,,,,,,,,,,,,,,,,,,,,,,,,,,,,,,,,,,,,,,,,,,,,,,,,,,,,,546.1194,,,,,,,,,,,,,,439.5297,,,,,,,,,,659.9545,,,,,,,,,,,,,,,,,,,,,,,,,,,,,,,,,,,,,,,,,,,,,,,,,,,,,,,,,435.1195,,,,,,
Syndra,,,,,,,,486.785,,,560.8497,,,,,,,,,,,,,,,,,,,,,,,363.7028,,,,,,,,,,,,,,,,,,,,,,,320.5051,,,,,,,,,,,,,,,,,,,,,,,,,,,,,,,,,,,,,,,,,,,,,,,,,,,,,,,,,,,,,,,,,,,,,,,,,,,,,,,,,,,,306.3365,,,,,,,,,,,,,,,,,,,,,,
TahmKench,,,,,,,,,,,,,,,,,,,295.3414,,225.4595,,,,,,,,,,,,,,,,,,,,,,,,,,,,,,,,,,,,,,,,,,,,,,,,,,,,,758.1406,,,,,,,,,,506.2194,,,,,,,,,,,,,,,,,,,,,,,,,,,,,,,504.6045,,,,,,,,,,,,,,,,,,,,,,,,,,,,,,,,,,,,,,,,,,,,,,,,
Taliyah,,,,,,,,,,,458.902,,,,,,,,,,,,,,,,,,,,,,,,,,,,,,,,,,,,,,,,,,,,,,,,,,,,,,,,,,,,,,,,,,,,,,,,,,,,,,,,,,,,,,,,,,,,,,,,,,,,,,,,,,,,,,,,,,,,,,,,,,,,,,,,,,,,,,,,,,,,,,,,,,,,,,,,
Talon,,,,,,,,574.4239,,,738.0534,,,,,,,,,,,,,,,,,,,,,,,685.625,,,,,,,,,,,,,519.7464,,,,,,,,,,,,,,,,,,,,,,,,,,,,,,,,,,,,,,,,,,,,,,,,,,,,,,,,,,,,,,,,,,,,,,,,,,,,,,,,,,,,,,,,,,,,,,,,,714.824,,,,,,,,,,,,,,,,,,,
Taric,,,,,,,,,,,,,,,,,,,,,,,,,,,,,,,,,,,,,,,,,,,,,,,,,,,,,,,,,,,,,,,,,,,,,,,,,,,,,,,,,,,,,,,,,,,,,,,,,,,,,,,,,,,,,,,,,,,,,,,,,,,,,,,,,,,,,,,,,,,,,,,,,,,,,,,,,,,,,,,,,,,
Teemo,,,,,,,,,,,,,,,,,,,607.4721,,,,,,465.6283,,,,,,,,,,,509.6541,,,,,,,,,,,,,,,,,,,,,,,,,,,,,,,,,,,,,,339.1062,,,,,,,,,,,,,,,,,,,,,,,,,,,,,,,,,,,,,,,,,1042.658,,,,,,,,,,,,,,,,,,,,,,,,,,,,,,,,,,,,,,,,,,,,,,,,
Thresh,,,,,,,,,,,,,,,,,,,,,,,,,,,,,,,,,,,,,,,,,,,,,,,,,,,,,,,,,,,,,,,,,,,,,,,,,,,,,,,,,,,,,,,,,,,,,,,,,,,,,,,,,,,,,,,,,,,,,,,,,,,,,,,,,,,,,,,,,,,,,,,,,,,,,,,,,,,,,,,,,,,
Tristana,,,,,,,,,,,1371.615,,,,,,,,,,,,,,,,,,,,,,,,,,,,,,,,,,,,,,,,,,,,,,,1031.2004,,,,,,,,,,,,,,,,,846.7427,,,,,,,,,,,,,,,,,,,,,,,,,,,,,,,,,,,,,,,,,,,,,,,,,971.3851,,,,,,,,,,,,,,,,,1143.2302,,,,,,,,,,,,,,,,,,,,,,
Trundle,,,,,,,,,,,,,,,,,,,,,,,,,,,,,,,,,,,,,,,,,,,,,,,,,,,,,,,,,,,,,,,,,,,,,,,,,,,,,,,,,,,,,,,,,,,,,,,,,,,,,,,,,,,,,,217.5038,,,,,,,,,,,,,,,,,,,,,,,,,,,,,,,,,,,,,,,,,,,,,,,,,,,,,
Tryndamere,,,,,,,,,,,,,,,,,,,,,816.005,,,,,,,,,,,,,,,,,,,,,,,,,,,,,,,,,,,,,,,,,,,,,,,,,,,,,,,,,,,,,,,980.4444,,,,,,,,,,,,,,,,,,,,,,998.1245,,,,,,,,,1425.0,,,,,,,,,,,,,,,,,,,,,,,,,,,,,,,,,,,,,,,,867.8452,,,,,,,,
TwistedFate,,,,,,,,537.8176,,,636.51,,,,,,,,,,,,,,,,,,,,,,,584.0241,,,,,,,,,,,,,,,,,,,,,,,,,,,,,,,,,,,,403.3542,,,,,465.4632,,,,,,,,,,,,,,,,,,,,,,,,,,,,,,,,,,,,,,,,,,,,,,,,,,,,,,,,,,,,,,,,,,,,,,,,,,,,,,,,,,,,,,,,
Twitch,,,,,,,,,161.7704,184.5909,,,,,,,,,,,,,,,,,,,,,,,,,,,,,,,,,,,,,,,,,165.8864,,,,,,,,,,,,,,,,,,,,,,,,,,,,,,,,,,,,,,,,,,,,,,,,,,,,,,,,,,,,,,,,,,,,330.624,,,,,,,,,,,,,,,,,,,,,266.5533,,,,,,,,,,,,,,,,,,,,,,,
Udyr,,,,,,,,,,,,,,,,,,,,,,,,,,,,,,,,,,,,,,,,,,,,,,,,,,,,,,,,,,,,,,,,,,,,,,,,,,,,,,,,330.1558,,,,,,,,,,427.4286,,,,,,,,,,781.7059,,,,,,,,,,437.0997,,,,,,,,,,,,,,,,,,,,,,,,,,,,,,,,,,,,,,,,,,,,,,,461.4378,,,,,,
Urgot,,,,,,,,,,,,,,,,,,,,,,,,,,,,,,,,,,,,,176.665,,,,,,,,,,,,,,,,,,,,,,302.4187,,,,,,,,,,,,,,,,,,,,,,,,,516.7991,,,,,,,,,,,,,,,,,,,,,,326.6867,,,,,,,,,789.1829,,,,,,,,,,,,,,,,,,,,,,,,,,,,,,,,,,,,,,,,,,,,,,,,
Varus,,,,,,,,,416.5874,452.7848,,,,,,,,,,,,,,,,,,,,,,,,,,,,,,,,,,,,,,,,,423.9945,,,,,,,,,,,,,,,,,,,,,,,,,,,,,,,,,,,,,,,,,,,,,,,,,,,,,,,,,,,,,607.109,,,,,,,,,,,,,,,,,,,,,,,,,,,,453.0452,,,,,,,,,,,,,,,,,,,,,,,
Vayne,,,,,,,,,,,,,,,,,,,,,,,,,,,,,,,,,,,,,,,,,,,,,,,,,,,,,,,,,,,,,,,,,,,,,,,,,,,,,,,,,,,,,,,,,,,,,,,,,,,,,,,,,,,,,,,,348.9115,,,,,,,152.1686,,,,,,,,,,,,,,,,,,,,,,,,,,,,,,,,,,,,,,,,,,,,
Veigar,,,,,,,,,,,289.9984,,,,,,,,,,,,,,,,,,,,,,,172.412,,,,,,,,,,,,,,,,,,,,,,,207.2197,,,,,,,,,,,,,,,,,,,,,,,,,,,,,,,,,,,,,,,,,,,,,,,,,,,,,,,,,,,,,,,,,,,,,,,,,,,,,,,,,,,,,,,,,,,,,,,,,,,,,,,,,,
Velkoz,,,,,,,,,,,,,,,,,,,,,,,,,,,,,,,,,,,,,,,,,,,,,,,,,,,,,,,,,,,,,,,,,,,,,,,,,,,,,,,,,,,,,,,,,,,,,,,,,,,,,,,,,,,,,,,,,,,,,,,,,,,,,,,,,,,,,,,,,,,,,,,,,,,,,,,,,,,,,,,,,,,
Vex,,,242.1968,,,,,,,,457.1125,,,,,,,,,,,,,,,,,,,,,,,,,,,,,,,,,,,,,,,,,,,,,,312.3111,,,,,,,,,,,,,,,,,,,,,,,,,,,,,,,,,,,,,,,,,,,,,,,,,,,,,,,,,,,,,,,,,,,279.3106,,,,,,,,,,,,,,,,,,,,,,,,,,,,,,284.9817,,,,,,,,,
Vi,,,,,,,,,,,,,,,,,,,,,,,,,,,,,,,,,,,,,,,,,,,,,,,,,,,,,,,,,,,,,,,,,,,,,,,,,,,,247.7612,,,,,,,,,,,,,,,,,,,,,,,,350.1851,,,,,,,,,,,,,,,,,,,,,,,,,,,,,,,,,,,,,,,,,,,,,,,,,,,,,,,,,157.7927,,,,,,
Viego,,,,,,,,,,,,,,,,,,,,,,,,,,,,,,,,,,,,,,,,,,,,,,,,,,,,,,,,,,,,,,,,,,,,,,,,,,,,545.0628,,,,,,,,,,,,,,483.2974,,,,,,,,,,672.7653,,,,,,,,,,570.3389,,,,,,,,,,,,,,,,,,,,,,,,,,,,,,,,,,,,,,,,,,,,,,,549.465,,,,,,
Viktor,,,,,,,,260.9787,,,384.2411,,,,,,,,,,,,,,,,,,,,,,,,,,,,,,,,,,,,,,,,,,,,,,291.6888,,,,,,,,,,,,,,,,,,,,,,,,,,,,,,,,,,,,,,,,,,,,,,,,,,,,,,,,,,,,,,,,,,,,,,267.1018,,,,,,,,,,,,,,,,265.9116,,,,,,,,,,,,,,,,,,,,
Vladimir,,,,,,,,369.6316,,,444.794,,,,,,,,,,,,,,,,,,,,,,,258.6122,,,,,,,,,,,,,,,,,,,,,,,219.2104,297.7595,,,,,,,,,,,,,,,,,,,,,,,,,,,,,,,,,,,,,,,,,,,,,,,,,,,,,,,,,,,,,,,,,,,,,,,,,,,,,,,,,,,,,,,,,,,,,,,,,,,,,,,,,
Volibear,,,,,,,,,,,,,,,,,,,464.1301,,713.3451,,,,,,,,,,,,,,,,,,,,,,,,,,,,,,,,,,,,,,,,,,,,,,,,,,,,,827.309,,,,,,,,,,885.1133,,,,,,,,,,,,,,,,,,,,,,,,,,,,,,,1011.3944,,,,,,,,,,,,,,,,,,,,,,,,,,,,,,,,,,,,,,,,,,,,,,,,
Warwick,,,,,,,,,,,,,,,,,,,853.963,,,,,,,,,,,,,,,,,,,,,,,,,521.036,,,,,,,,,,,,,,,,,,,,,,,,,,,,,,560.8632,,,,,,,,,,,,,,,,,,,531.578,,,,,,,,,,,,,,,,,,,,,,,,,,,,,,,,,,,,,,,,,,,,,,,,,,,,,,,,,,,,,,,,513.119,,,,,,
Xayah,,,,,,,,,257.6619,,,,,,,,,,,,,,,,,,,,,,,,,,,,,,,,,,,,,,,,,,207.858,,,,,,,,,,,,,,,,,,,,,,,,,,,,,,,,,,,,,259.2511,,,,,,,,,,,,,,,,,,,,,,,,474.8698,,,,,,,224.4935,,,,,,,,,,,,,,,,,,,,,,,,,,,,,,,,,,,,,,,,,,,,
Xerath,,,,,844.3728,,,,,,,,,,,,935.4619,,,,,,,,,,,,,,,,,,,,,,,,,,,,,805.7467,,,,,,,,,,,,,,,,,,,,,,,,,,,,,,,,814.8186,,,,,,,,,,,,,,,,,,,,,,,,,851.344,,,,,,,,,,,,,,,,,,,,,,,,,,,,,,,,,,,,,,,,,,,,,,,,,,,,,,,,,,,,
XinZhao,,,,,,,,,,,,,,,,,,,,,,,,,,,,,,,205.9325,,,,,,,,,,,,,,,,,,,,,,,,,,,,,,,,,,,,,,,,,,,,,,,,,254.9216,,,,,,,,,,585.0308,,,,,,,,,,,,,,,,,,,,,,,,,,,,,,,,,,,,,,,,,,,,,,,,,,,,,,347.8443,,,,,,,,,,,,,475.25,,,,,,
Yasuo,,,,,,,,,,,821.6015,,,,,,,,,,,,,,,,,,,,,,,740.314,,,,,,,,,,,,,,,,,,,,,,,727.5563,,,,,,,,,,,,,,,,,,,,,,,,,,,,,,,,,,,,,,,,,,,,,,,,,,,570.2291,,,,,,,,,,,,,,,,,,,,,,,,,,,,,,,,,632.562,,,,,,,,,,,,,,,,,,,,,,
Yone,,,,,,,,,,,963.0607,,,,,,,,,,,,,,689.9084,,,,,,,,,,,,,,,,,,,,,,,,,,,,,,,,715.6192,,,,,,,,,,,,,,,,,,,,,,,,,,,731.01,,,,,,,,,,,,,,,,,,,,,,,,,,,,,,,702.1905,,,,,,,,,,,,,,,,,,,,,,,,,,,,,,,,,,,,,,,,,,,,,,,,
Yorick,,,,,,,,,,,,,,,,,,,,,,,,,459.3346,,,,,,,,,,,,,346.69,,,,,,,,,,,,,,,,,,,,,524.9839,,,,,,,,,,,,,,,561.9019,,,,,,,,,,,,,,,,,,,,,,,,,,,,,,,,,,,,,,,,,689.0169,,,,,,,,,,,,,,,,,,,,,,,,,,,,,,,,,,,,,,,,,,,,,,,,
Yuumi,,,,,,,,,,,,,,,,,,,,,,,,,,,,,,,,,,,,,,,,,,,,,,,,,,,,,,,,,,,,,,,,,,,,,,,,,,,,,,,,,,,,,,,,,,,,,,,,,,,,,,,,,,,,,,,,,,,,,,,,,,,,,,,,,,,,,,,,,,,,,,,,,,,,,,,,,,,,,,,,,,,
Zac,,,,,,,,,,,,,,,,,,,,,,,,,,,,,,,,,,,,,,,,,,,,,,,,,,,,,,,,,,,,,,,,,,,,,,,,,,,,,,,,,,,,,,,,,,,,,,,,,,,,311.6826,,,,,,,,,,,,,,,,,,,,,,,,,,,,,,,,,,,,,,,,,,,,,,,,,,,,,,,,,,,,,,,
Zed,,,,,,,,679.738,,,1030.081,,,,,,,,,,,,,,,,,,,,,,,,,,,,,,,,,,,,,,,,,,,,,,928.2528,,,,,,,,,,,,,,,,,,,,,,,,,,,,,,,,,,,,,,,,,,,,,,,,,,,,,,,,,,,,,,,,,,,,,,673.5943,,,,,,,,,,,,,,642.7897,,,,,,,,,,,,,,,,,,,,,,
Zeri,,,,,,,,,,175.0581,,,,,,,,,,,,,,,,,,,,,,,,,,,,,,,,,,,,,,,,,191.4904,,,,,267.9973,,,,,,,,,,,,,,,,,,,,,,,,,,,,,,,,,,,,,,,,,,,,,,,,,,,,,,,,526.9517,,,,,,,268.6502,,,,,,,,,,,,,,,,,,,,,,,,,,,,,,,,,,,,,,,,,,,,
Ziggs,,,,,,,332.0419,,,,878.2762,,,,,,,,,,,,,,,,,,,,,,,,,,,,,,,,,,,,,,,,,,,,,,,,,,,,,,,,,,,,,,297.8953,,,,,,,,,,,,,,,,,,,,,,,,,,,,,,,,,,,,,,,,,,,,,,,,,,,446.1483,,,,,,,,,,,,,,,,,593.3268,,,,,,,,,,,,,,,,,,,,,,
Zilean,,,,,260.3011,,,,,,,,,,166.8963,,,,,,,,,,,,,,,,,,,,,,,,,,,,,,,,,,,,,,,,,,,,,,,,,,,,,178.7359,,,,,,,,,,,,,,,,,,,,,,,,,,,,,,,,,,,,,,,,,,,,,,,,,,,,,,,,,,,,,,,,,,,,,,,,,,,,,,,,,,,,,,,,,,,,,,,
Zoe,,,,,,,,,,,859.6518,,,,,,,,,,,,,,,,,,,,,,,,,,,,,,,,,,,,,,,,,,,,,,,,,,,,,,,,,,,,,,,,,,,,,,,,,,,,,,,,,,,,,,,,,,,,,,,,,,,,,,,,,,,,,,,,,502.557,,,,,,,,,,,,,,,,,570.2725,,484.387,,,,484.5336,,,,,,,,,,,,,,,,
Zyra,,,,,711.7529,,,,,,,,,,,,701.3349,,,,,,,,,,,,,,,,,,,,,,,,,,,,,661.7236,,,,,,,,,,,,,,,,,,,,,,,,,,,,,,,,673.2338,,,,,669.0821,,,,,,,,,,,,,,,,,,,,,,,,,,,,,,,,,,,,,,,,,,,,,,,,,,,,,,,,,,,,,,,,,,,,,,,,,,,,,,,,
